numero_op,sku_produto_final,descricao_produto,data_registro,data_producao,status,qtd_prevista,qtd_produzida,qtd_saldo
4732,05104079,Biscoito Puxuri Cupulate - unitário,2026-07-24,2026-07-24,Produzida,250,250,0
4731,05104077,Biscoito Puxuri Chocolate - Unitário,2026-07-24,2026-07-24,Produzida,250,250,0
4701,05004151,Caixa Simples SSAL 216g,2026-07-24,2026-07-24,Produzida,5,5,0
4735,0050305010,PP LÍNGUA DE ONÇA 5G PRALINÉ,2026-07-24,2026-07-23,Produzida,741,741,0
4703,05004178,MAGIO Povos Xiba 63% 60g,2026-07-23,2026-07-23,Produzida,100,100,0
4702,05004149,Caixa de Bombons G (30 bombons),2026-07-23,2026-07-23,Produzida,10,10,0
4682,05004148,Caixa de Bombons M (14 bombons),2026-07-23,2026-07-23,Produzida,40,40,0
4718,05104098,Bombom SSAL Choc Lt Doce Cupu 10 g,2026-07-24,2026-07-23,Produzida,20,20,0
4706,0050305020,PP Língua de Onça intenso Praliné 5G,2026-07-23,2026-07-23,Produzida,668,668,0
4719,9990311042,Recheio Doce de Cupuaçu,2026-07-24,2026-07-23,Produzida,0.11,0.11,0
4723,05104101,Bombom SSAL Choc Branco Nibs 8g,2026-07-24,2026-07-23,Produzida,20,20,0
4724,05104103,Bombom SSAL Choc Int Ganache Int 9g,2026-07-24,2026-07-23,Produzida,20,20,0
4725,9990311025,Ganache Chocolate intenso,2026-07-24,2026-07-23,Produzida,0.099,0.099,0
4726,05104104,Bombom SSAL Choc Int Taperebá 10g,2026-07-24,2026-07-23,Produzida,20,20,0
4728,9990311013,Ganache de Taperebá,2026-07-24,2026-07-23,Produzida,0.11,0.11,0
4734,05104061,Língua de Onça Leite Praliné 5g,2026-07-24,2026-07-23,Produzida,741,741,0
4721,05104099,Bombom SSAL Choc Lt Castanha do Pará 8g,2026-07-24,2026-07-23,Produzida,20,20,0
4705,05104063,Língua de Onça Intenso Praliné 5g,2026-07-23,2026-07-23,Produzida,668,668,0
4693,9990311042,Recheio Doce de Cupuaçu,2026-07-23,2026-07-22,Produzida,0.66,0.66,0
4692,05104115,Bombom NM Choc Lt  Doce de Cupuaçu 10g,2026-07-23,2026-07-22,Produzida,120,120,0
4691,05104114,Bombom NM Chocolate Leite Pistache 10g,2026-07-23,2026-07-22,Produzida,60,60,0
4685,0050305026,Mini Lua Cheia Ao Leite 10g,2026-07-23,2026-07-22,Produzida,120,120,0
4689,9990311025,Ganache Chocolate intenso,2026-07-23,2026-07-22,Produzida,0.363,0.363,0
4688,05104112,Bombom NM Choc Int Ganache Int 11g,2026-07-23,2026-07-22,Produzida,60,60,0
4687,05104111,Bombom NM Choc Int Praliné de Avelã 9g,2026-07-23,2026-07-22,Produzida,60,60,0
4686,05104110,Bombom NM Choc Lt Praliné de Avelã 9g,2026-07-23,2026-07-22,Produzida,60,60,0
4694,05104117,Bombom NM Chocolate LT Maracujá 9g,2026-07-23,2026-07-22,Produzida,120,120,0
4676,05104061,Língua de Onça Leite Praliné 5g,2026-07-22,2026-07-22,Produzida,71,71,0
4690,05104113,Bombom NM Chocolate ao Leite 11g,2026-07-23,2026-07-22,Produzida,60,60,0
4695,9990311041,Ganache maracujá,2026-07-23,2026-07-22,Produzida,0.594,0.594,0
4683,05104109,Bombom NM Mini Lua Cheia ao Leite 10g,2026-07-23,2026-07-22,Produzida,120,120,0
4697,05104129,Língua de Onça Intenso Zero Açúcar 11g,2026-07-23,2026-07-22,Produzida,713,713,0
4698,0050305039,PP L.Onça Intenso Zero Açúcar 11G,2026-07-23,2026-07-22,Produzida,713,713,0
4699,05104116,Bombom NM Chocolate Intenso Taperebá 10g,2026-07-23,2026-07-22,Produzida,120,120,0
4700,9990311013,Ganache de Taperebá,2026-07-23,2026-07-22,Produzida,0.66,0.66,0
4704,0010321002,Barra 60g Terroir da Amazonia XIBA 63%,2026-07-23,2026-07-22,Produzida,200,158,42
4709,05104007,Bombom Intenso Praliné 10g,2026-07-24,2026-07-22,Produzida,15,15,0
4711,05104008,Bombom ao Leite Praliné 10g,2026-07-24,2026-07-22,Produzida,8,8,0
4712,05104071,Bombom Bom Jardim Intenso 10g,2026-07-24,2026-07-22,Produzida,21,21,0
4713,9990311025,Ganache Chocolate intenso,2026-07-24,2026-07-22,Produzida,0.1155,0.1155,0
4714,05104016,"Bombom SF Leite Ganache de Maracujá 7,7g",2026-07-24,2026-07-22,Produzida,42,42,0
4696,05104118,Bombom NM Choc Lt Castanha do Pará 8g,2026-07-23,2026-07-22,Produzida,80,80,0
4716,9990311041,Ganache maracujá,2026-07-24,2026-07-22,Produzida,0.194,0.194,0
4717,05104097,Bombom SSAL Choc Lt praliné de avelã 9g,2026-07-24,2026-07-22,Produzida,20,20,0
4670,0050304006,Liquor Sakaguchi Colagem,2026-07-21,2026-07-21,Produzida,44,44,0
4675,9990311043,Praliné de Avelã,2026-07-22,2026-07-21,Produzida,30,30,0
4674,9990311030,Praliné de Avelã colagem,2026-07-22,2026-07-21,Produzida,50,42.795,7.205
4672,05104077,Biscoito Puxuri Chocolate - Unitário,2026-07-20,2026-07-20,Produzida,100,100,0
4666,05004058,Barra ES Intenso Praliné de Avelã 80g,2026-07-20,2026-07-20,Produzida,100,76,24
4590,05004102,Lua Cheia Minis Chocolate ao Leite 100g,2026-07-20,2026-07-20,Produzida,30,29,1
4664,05004043,Formigueiro Caramelo de Maracujá Cx 80g,2026-07-20,2026-07-20,Produzida,30,30,0
4662,0050308014,Biscoito 150 gr com choco,2026-07-20,2026-07-20,Produzida,34,34,0
4657,0050308012,BISCOITO DE CASTANHA DO PARÁ COM COBERTU,2026-07-20,2026-07-20,Produzida,15,15,0
4658,0050308015,Biscoito 150 gr com Cupu,2026-07-20,2026-07-20,Produzida,100,100,0
4652,05104132,Fatia de Bolo de Chocolate Loja,2026-07-17,2026-07-17,Produzida,20,19,1
4654,05104132,Fatia de Bolo de Chocolate Loja,2026-07-17,2026-07-17,Produzida,19,19,0
4655,05004016,MAGIO Lg de Onça Lt Praliné Avelã Cx80g,2026-07-17,2026-07-17,Produzida,20,20,0
4649,05004058,Barra ES Intenso Praliné de Avelã 80g,2026-07-17,2026-07-17,Produzida,200,116,84
4660,9990311009,Recheio Yara Maracujá,2026-07-20,2026-07-17,Produzida,2.4,2.4,0
4667,0050321014,Barras com recheios - 80g   amargo 63%,2026-07-20,2026-07-17,Produzida,100,76,24
4417,05004097,Barra ES Leite com Avelã e Maracujá 80g,2026-07-16,2026-07-16,Produzida,10,7,3
4615,05004057,Barra ES ao Leite Praliné de Avelã 80g,2026-07-16,2026-07-16,Produzida,200,140,60
4620,05004056,Barra ES Leite Praliné de Pistache 80g,2026-07-16,2026-07-16,Produzida,100,64,36
4622,05104081,Barra Recheada Maracujá Granel 80g,2026-07-16,2026-07-16,Produzida,36,36,0
4611,05004148,Caixa de Bombons M (14 bombons),2026-07-16,2026-07-16,Produzida,10,10,0
4659,0050305025,FORMIGUEIRO MARACUJÁ 16g,2026-07-20,2026-07-16,Produzida,630,630,0
4656,0050305010,PP LÍNGUA DE ONÇA 5G PRALINÉ,2026-07-17,2026-07-16,Produzida,4000,3328,672
4665,05104033,Formigueiro Caramelo de Maracujá 16g,2026-07-20,2026-07-16,Produzida,480,480,0
4661,0050308011,Biscoito de castanha do Pará banhado com,2026-07-20,2026-07-16,Produzida,5.1,5.1,0
4594,05004015,MAGIO Língua de Onça ao Leite Cx80g,2026-07-15,2026-07-15,Produzida,121,121,0
4607,05104033,Formigueiro Caramelo de Maracujá 16g,2026-07-15,2026-07-15,Produzida,5,5,0
4608,05104083,Barra Recheada Int Avelã Granel 80g,2026-07-15,2026-07-15,Produzida,8,8,0
4609,05104081,Barra Recheada Maracujá Granel 80g,2026-07-15,2026-07-15,Produzida,11,11,0
4610,05104081,Barra Recheada Maracujá Granel 80g,2026-07-15,2026-07-15,Produzida,12,12,0
4588,05004056,Barra ES Leite Praliné de Pistache 80g,2026-07-15,2026-07-15,Produzida,130,125,5
4591,0050305026,Mini Lua Cheia Ao Leite 10g,2026-07-15,2026-07-15,Produzida,127,127,0
4584,05004056,Barra ES Leite Praliné de Pistache 80g,2026-07-15,2026-07-15,Produzida,100,78,22
4548,05004057,Barra ES ao Leite Praliné de Avelã 80g,2026-07-15,2026-07-15,Produzida,100,92,8
4627,05104112,Bombom NM Choc Int Ganache Int 11g,2026-07-16,2026-07-15,Produzida,10,10,0
4623,05104109,Bombom NM Mini Lua Cheia ao Leite 10g,2026-07-16,2026-07-15,Produzida,20,20,0
4624,05104110,Bombom NM Choc Lt Praliné de Avelã 9g,2026-07-16,2026-07-15,Produzida,10,10,0
4626,05104111,Bombom NM Choc Int Praliné de Avelã 9g,2026-07-16,2026-07-15,Produzida,10,10,0
4592,05104119,Bombom Mini Lua Cheia Choco ao Leite 10g,2026-07-15,2026-07-15,Produzida,90,81,9
4628,05104113,Bombom NM Chocolate ao Leite 11g,2026-07-16,2026-07-15,Produzida,10,10,0
4636,05104117,Bombom NM Chocolate LT Maracujá 9g,2026-07-16,2026-07-15,Produzida,20,20,0
4631,05104115,Bombom NM Choc Lt  Doce de Cupuaçu 10g,2026-07-16,2026-07-15,Produzida,20,20,0
4644,05104012,Bombom SF Leite Praliné de Pistache 10g,2026-07-17,2026-07-15,Produzida,46,46,0
4643,0100305004,Gotas de Chocolate Paiter Intenso,2026-07-17,2026-07-15,Produzida,2.68,2.68,0
4642,05104016,"Bombom SF Leite Ganache de Maracujá 7,7g",2026-07-17,2026-07-15,Produzida,33,33,0
4641,0100305003,Gotas de Chocolate Paiter ao leite,2026-07-17,2026-07-15,Produzida,2.616,2.616,0
4640,9990311025,Ganache Chocolate intenso,2026-07-17,2026-07-15,Produzida,0.6,0.6,0
4645,05104039,Bombom SF Ganache de Taperebá Int 10g,2026-07-17,2026-07-15,Produzida,18,18,0
4639,05104071,Bombom Bom Jardim Intenso 10g,2026-07-17,2026-07-15,Produzida,105,105,0
4646,05104008,Bombom ao Leite Praliné 10g,2026-07-17,2026-07-15,Produzida,67,67,0
4638,05104118,Bombom NM Choc Lt Castanha do Pará 8g,2026-07-16,2026-07-15,Produzida,10,10,0
4648,05104059,Bombom SF Doce de Cupuaçu 10g,2026-07-17,2026-07-15,Produzida,17,17,0
4637,9990311041,Ganache maracujá,2026-07-16,2026-07-15,Produzida,0.5,0.5,0
4650,0050321014,Barras com recheios - 80g   amargo 63%,2026-07-17,2026-07-15,Produzida,200,116,84
4630,05104114,Bombom NM Chocolate Leite Pistache 10g,2026-07-16,2026-07-15,Produzida,10,10,0
4635,9990311013,Ganache de Taperebá,2026-07-16,2026-07-15,Produzida,0.3,0.3,0
4634,05104116,Bombom NM Chocolate Intenso Taperebá 10g,2026-07-16,2026-07-15,Produzida,20,20,0
4632,9990311042,Recheio Doce de Cupuaçu,2026-07-16,2026-07-15,Produzida,0.3,0.3,0
4647,05104007,Bombom Intenso Praliné 10g,2026-07-17,2026-07-15,Produzida,13,13,0
4595,0050305013,PP LÍNGUA DE ONÇA 5G AO LEITE,2026-07-15,2026-07-14,Produzida,3200,3200,0
4593,05104120,Bombom Mini Lua Cheia Choco Intenso 10g,2026-07-15,2026-07-14,Produzida,51,51,0
4596,05004178,MAGIO Povos Xiba 63% 60g,2026-07-14,2026-07-14,Produzida,215,210,5
4472,05004097,Barra ES Leite com Avelã e Maracujá 80g,2026-07-14,2026-07-14,Produzida,63,63,0
4606,9990311044,Praliné de castanhas - Bolo de chocolate,2026-07-14,2026-07-14,Produzida,0.9,0.9,0
4621,0050321011,Barras com recheios - 80g   Pistache,2026-07-16,2026-07-14,Produzida,100,64,36
4602,9990311004,Praliné Pistache,2026-07-14,2026-07-13,Produzida,1,1,0
4577,0260305005,Massa de Chocolate ao Leite Zero Açúcar,2026-07-13,2026-07-13,Produzida,15,15,0
4579,0050305038,PP L.Onça Ao Leite Zero Açúcar 11G,2026-07-13,2026-07-13,Produzida,592,592,0
4580,05104128,Língua de Onça ao Leite Zero Açúcar 11g,2026-07-13,2026-07-13,Produzida,592,592,0
4582,0050305006,MASSA DE CHOCOLATE -AO LEITE   NF24,2026-07-17,2026-07-13,Produzida,20,22,-2
4583,0050304005,LIQUOR DE CACAU - SAKAGUCHI  NT24,2026-07-17,2026-07-13,Produzida,2.4,2.4,0
4603,05104020,Trufas Nativas de Chocolate Intenso  20G,2026-07-14,2026-07-13,Produzida,124,124,0
4589,0050321011,Barras com recheios - 80g   Pistache,2026-07-15,2026-07-13,Produzida,125,125,0
4540,05004015,MAGIO Língua de Onça ao Leite Cx80g,2026-07-13,2026-07-13,Produzida,168,168,0
4575,05004058,Barra ES Intenso Praliné de Avelã 80g,2026-07-13,2026-07-13,Produzida,68,68,0
4604,9990315022,Massa de trufa Intenso,2026-07-14,2026-07-13,Produzida,2.1,2.1,0
4554,05004102,Lua Cheia Minis Chocolate ao Leite 100g,2026-07-13,2026-07-13,Produzida,40,40,0
4600,05104022,Trufas Nativas Pistache 20g,2026-07-14,2026-07-13,Produzida,117,117,0
4601,9990315024,Massa de trufa de Pistache,2026-07-14,2026-07-13,Produzida,2,2,0
4550,05004043,Formigueiro Caramelo de Maracujá Cx 80g,2026-07-13,2026-07-13,Produzida,40,38,2
4572,0050305019,PP LÍNGUA DE ONÇA CUPUAÇU 11G,2026-07-10,2026-07-10,Produzida,489,489,0
4571,05004141,Língua de Onça Cupulate Flowpack 11g,2026-07-10,2026-07-10,Produzida,489,489,0
4574,0050321001,Barra 60g Terroir da Amazonia Saka ao le,2026-07-10,2026-07-10,Produzida,9,9,0
4570,0050305015,PP LÍNGUA DE ONÇA 11G PRALINÉ,2026-07-10,2026-07-10,Produzida,411,411,0
4569,05004017,Língua de Onça Leit Praliné Flowpack 11g,2026-07-22,2026-07-10,Produzida,411,419,-8
4578,0260304001,Liquor de Cacau - Moju,2026-07-13,2026-07-10,Produzida,2.55,2.55,0
4561,05104132,Fatia de Bolo de Chocolate Loja,2026-07-08,2026-07-08,Produzida,8,8,0
4556,05104119,Bombom Mini Lua Cheia Choco ao Leite 10g,2026-07-08,2026-07-08,Produzida,40,39,1
4549,0050321013,Barras com recheios - 80g  com praliné,2026-07-15,2026-07-08,Produzida,80,92,-12
4551,0050305025,FORMIGUEIRO MARACUJÁ 16g,2026-07-10,2026-07-08,Produzida,295,295,0
4552,05104033,Formigueiro Caramelo de Maracujá 16g,2026-07-10,2026-07-08,Produzida,80,100,-20
4553,05104120,Bombom Mini Lua Cheia Choco Intenso 10g,2026-07-08,2026-07-08,Produzida,30,29,1
4564,05004102,Lua Cheia Minis Chocolate ao Leite 100g,2026-07-08,2026-07-08,Produzida,40,40,0
4545,05104132,Fatia de Bolo de Chocolate Loja,2026-07-08,2026-07-08,Produzida,20,19,1
4555,0050305026,Mini Lua Cheia Ao Leite 10g,2026-07-13,2026-07-08,Produzida,440,400,40
4542,05004178,MAGIO Povos Xiba 63% 60g,2026-07-08,2026-07-08,Produzida,1,1,0
4567,0050321001,Barra 60g Terroir da Amazonia Saka ao le,2026-07-08,2026-07-08,Produzida,471,471,0
4568,0050305026,Mini Lua Cheia Ao Leite 10g,2026-07-08,2026-07-08,Produzida,39,39,0
4573,9990311009,Recheio Yara Maracujá,2026-07-10,2026-07-08,Produzida,1.064,1.064,0
4566,05104060,Língua de Onça Chocolate ao Leite 5g,2026-07-08,2026-07-08,Produzida,80,80,0
4598,0010321002,Barra 60g Terroir da Amazonia XIBA 63%,2026-07-14,2026-07-08,Produzida,210,210,0
4544,9990311020,Ganache Açaí,2026-07-08,2026-07-07,Produzida,0.5,0.5,0
4541,0050305013,PP LÍNGUA DE ONÇA 5G AO LEITE,2026-07-13,2026-07-07,Produzida,4000,3264,736
4474,05004006,MAGIO Povos Vale do Jari 65% 60g,2026-07-07,2026-07-07,Produzida,55,55,0
4535,0050305013,PP LÍNGUA DE ONÇA 5G AO LEITE,2026-07-07,2026-07-07,Produzida,3200,3184,16
4525,9990311042,Recheio Doce de Cupuaçu,2026-07-08,2026-07-07,Produzida,0.4,0.4,0
4562,05104059,Bombom SF Doce de Cupuaçu 10g,2026-07-08,2026-07-07,Produzida,46,46,0
4563,05104036,Bombom SF Açaí 10g,2026-07-08,2026-07-07,Produzida,84,84,0
4534,05004015,MAGIO Língua de Onça ao Leite Cx80g,2026-07-07,2026-07-07,Produzida,200,199,1
4532,9990315025,Polpa de Maracujá Reduzida,2026-07-10,2026-07-06,Produzida,2,1.18,0.82
4531,9990315028,Polpa de Açaí Reduzida,2026-07-10,2026-07-06,Produzida,1,0.6,0.4
4527,0050304005,LIQUOR DE CACAU - SAKAGUCHI  NT24,2026-07-14,2026-07-06,Produzida,7.2,7.2,0
4526,0050305006,MASSA DE CHOCOLATE -AO LEITE   NF24,2026-07-14,2026-07-06,Produzida,60,60,0
4533,9990315027,Polpa de Tapereba Reduzida,2026-07-10,2026-07-06,Produzida,2,1.51,0.49
4424,05004015,MAGIO Língua de Onça ao Leite Cx80g,2026-07-06,2026-07-06,Produzida,202,202,0
4418,0050321024,Barra 80 GR  Caram de Maracujá+praliné,2026-07-16,2026-07-06,Produzida,43,43,0
4617,9990311030,Praliné de Avelã colagem,2026-07-16,2026-07-06,Produzida,16,16,0
4618,9990311043,Praliné de Avelã,2026-07-16,2026-07-06,Produzida,12,12,0
4619,9990311038,Recheio Caramelo Maracujá,2026-07-16,2026-07-06,Produzida,12,8.4,3.6
4678,0260305001,Massa de Chocolate - Moju Intenso,2026-07-22,2026-07-06,Produzida,25,25,0
4679,0260304001,Liquor de Cacau - Moju,2026-07-22,2026-07-06,Produzida,13,13,0
4546,0210305004,Massa  de Cupuaçu - Sakaguchi,2026-07-07,2026-07-03,Em Produção,10.5,10,0.5
4477,05104012,Bombom SF Leite Praliné de Pistache 10g,2026-07-03,2026-07-03,Produzida,50,49,1
4543,0010321002,Barra 60g Terroir da Amazonia XIBA 63%,2026-07-07,2026-07-03,Produzida,198,198,0
4478,05104039,Bombom SF Ganache de Taperebá Int 10g,2026-07-03,2026-07-03,Produzida,50,44,6
4479,05104059,Bombom SF Doce de Cupuaçu 10g,2026-07-03,2026-07-03,Produzida,50,42,8
4481,9990311013,Ganache de Taperebá,2026-07-03,2026-07-03,Produzida,0.4,0.4,0
4520,0050305039,PP L.Onça Intenso Zero Açúcar 11G,2026-07-03,2026-07-03,Produzida,550,538,12
4523,05104129,Língua de Onça Intenso Zero Açúcar 11g,2026-07-03,2026-07-03,Produzida,538,538,0
4522,05004182,Bolo de Chocolate Mágio,2026-07-03,2026-07-03,Produzida,1,1,0
4476,05104016,"Bombom SF Leite Ganache de Maracujá 7,7g",2026-07-03,2026-07-03,Produzida,50,50,0
4482,9990311042,Recheio Doce de Cupuaçu,2026-07-03,2026-07-03,Produzida,0.4,0.4,0
4486,9990311041,Ganache maracujá,2026-07-03,2026-07-03,Produzida,0.4,0.4,0
4585,0050321011,Barras com recheios - 80g   Pistache,2026-07-15,2026-07-03,Produzida,78,78,0
4576,0050321014,Barras com recheios - 80g   amargo 63%,2026-07-13,2026-07-03,Produzida,76,76,0
4521,05104077,Biscoito Puxuri Chocolate - Unitário,2026-07-03,2026-07-03,Produzida,250,250,0
4475,0050321021,Barra 60g Terroir da Amazonia Vale do Ja,2026-07-07,2026-07-02,Produzida,200,200,0
4515,0020315003,Recheio Intenso Bolo de Chocolate,2026-07-03,2026-07-02,Produzida,1.4,0.92,0.48
4513,0020315002,Massa Do Bolo de Chocolate,2026-07-03,2026-07-02,Produzida,3.4,3.4,0
4514,9990311045,Calda Bolo de Chocolate,2026-07-03,2026-07-02,Produzida,0.68,0.68,0
4516,0020315004,Cobertura Bolo de Chocolate,2026-07-03,2026-07-02,Produzida,1.4,1.4,0
4517,0050315004,Recheio Ao Leite Bolo de Chocolate,2026-07-03,2026-07-02,Produzida,1.84,1.84,0
4473,0050321024,Barra 80 GR  Caram de Maracujá+praliné,2026-07-14,2026-07-02,Produzida,123,123,0
4512,0020315001,Bolo de Chocolate Loja,2026-07-03,2026-07-02,Produzida,2,2,0
4493,9990311040,Colagem praliné para lua cheia,2026-07-01,2026-07-01,Produzida,7.81,7.81,0
4483,05104020,Trufas Nativas de Chocolate Intenso  20G,2026-07-01,2026-07-01,Produzida,29,29,0
4468,05004097,Barra ES Leite com Avelã e Maracujá 80g,2026-07-01,2026-07-01,Produzida,87,87,0
4488,9990315022,Massa de trufa Intenso,2026-07-01,2026-07-01,Produzida,0.5,0.5,0
4489,05104022,Trufas Nativas Pistache 20g,2026-07-01,2026-07-01,Produzida,29,29,0
4490,9990315024,Massa de trufa de Pistache,2026-07-01,2026-07-01,Produzida,0.5,0.5,0
4491,9990311040,Colagem praliné para lua cheia,2026-07-01,2026-07-01,Produzida,6.3,6.3,0
4492,9990311040,Colagem praliné para lua cheia,2026-07-01,2026-07-01,Produzida,7.775,7.775,0
4494,9990311040,Colagem praliné para lua cheia,2026-07-01,2026-07-01,Produzida,7.715,7.715,0
4518,0260305006,Massa de Chocolate Intenso Zero Açúcar,2026-07-03,2026-07-01,Produzida,17.35,17.35,0
4496,9990311040,Colagem praliné para lua cheia,2026-07-01,2026-07-01,Produzida,7.65,7.65,0
4616,0050321013,Barras com recheios - 80g  com praliné,2026-07-16,2026-07-01,Produzida,200,140,60
4614,0050304005,LIQUOR DE CACAU - SAKAGUCHI  NT24,2026-07-16,2026-07-01,Produzida,4.8,4.8,0
4613,0050305006,MASSA DE CHOCOLATE -AO LEITE   NF24,2026-07-16,2026-07-01,Produzida,40,40,0
4565,0050305026,Mini Lua Cheia Ao Leite 10g,2026-07-08,2026-07-01,Produzida,400,400,0
4519,0260304001,Liquor de Cacau - Moju,2026-07-03,2026-07-01,Produzida,8.625,8.625,0
4511,0050315004,Recheio Ao Leite Bolo de Chocolate,2026-07-03,2026-07-01,Produzida,1.84,1.84,0
4510,0020315004,Cobertura Bolo de Chocolate,2026-07-03,2026-07-01,Produzida,1.4,1.4,0
4508,0020315003,Recheio Intenso Bolo de Chocolate,2026-07-01,2026-07-01,Produzida,0.92,0.92,0
4507,9990311045,Calda Bolo de Chocolate,2026-07-01,2026-07-01,Produzida,0.68,0.68,0
4495,9990311040,Colagem praliné para lua cheia,2026-07-01,2026-07-01,Produzida,8.06,8.06,0
4505,0050302002,Amêndoa de Cacau Torrada - Sakaguchi(PA),2026-07-01,2026-07-01,Produzida,66.2,66.2,0
4499,0020315001,Bolo de Chocolate Loja,2026-07-03,2026-07-01,Produzida,2,2,0
4498,9990311040,Colagem praliné para lua cheia,2026-07-01,2026-07-01,Produzida,6.475,6.475,0
4500,0020315002,Massa Do Bolo de Chocolate,2026-07-01,2026-07-01,Produzida,3.4,3.4,0
4501,0050302002,Amêndoa de Cacau Torrada - Sakaguchi(PA),2026-07-01,2026-07-01,Produzida,53.439,53.439,0
4506,0050303003,Nibs de Cacau - Sakaguchi(PA),2026-07-01,2026-07-01,Produzida,48.9,48.9,0
4502,0050303003,Nibs de Cacau - Sakaguchi(PA),2026-07-01,2026-07-01,Produzida,34,34,0
4504,0010305007,Massa de Chocolate Xiba 63%,2026-07-01,2026-07-01,Produzida,23,23,0
4497,9990311040,Colagem praliné para lua cheia,2026-07-01,2026-07-01,Produzida,7.45,7.45,0
4503,0260303001,Nibs de Cacau Moju,2026-07-01,2026-07-01,Produzida,70,70,0
4421,05004043,Formigueiro Caramelo de Maracujá Cx 80g,2026-06-30,2026-06-30,Produzida,40,40,0
4462,05104007,Bombom Intenso Praliné 10g,2026-06-26,2026-06-26,Produzida,19,19,0
4463,05104096,Bombom SF Castanha-do-Pará 10g,2026-06-26,2026-06-26,Produzida,12,12,0
4461,05104008,Bombom ao Leite Praliné 10g,2026-06-26,2026-06-26,Produzida,11,11,0
4467,05104122,Teste Industrial,2026-06-26,2026-06-26,Produzida,15,15,0
4470,0050305014,PP LÍNGUA DE ONÇA 11G AO LEITE,2026-06-30,2026-06-26,Produzida,1050,1050,0
4471,05004139,Língua de Onça Leite Flowpack 11g,2026-06-30,2026-06-26,Produzida,1050,1050,0
4466,05104084,Barra Vale do Jari Granel 60g,2026-06-26,2026-06-26,Produzida,15,15,0
4422,05004102,Lua Cheia Minis Chocolate ao Leite 100g,2026-06-26,2026-06-26,Produzida,44,44,0
4444,05104080,Barra Recheada Pistache Granel 80g,2026-06-25,2026-06-25,Produzida,3,3,0
4469,0050321024,Barra 80 GR  Caram de Maracujá+praliné,2026-06-26,2026-06-25,Produzida,160,149,11
4442,05104130,Gotas de Moju ao Leite Food Service,2026-06-25,2026-06-25,Produzida,5.7,5.7,0
4443,05104131,Gotas de Moju Intenso Food Service,2026-06-25,2026-06-25,Produzida,5,5,0
4423,0050305026,Mini Lua Cheia Ao Leite 10g,2026-06-26,2026-06-24,Produzida,440,440,0
4425,0050305013,PP LÍNGUA DE ONÇA 5G AO LEITE,2026-07-06,2026-06-24,Produzida,4000,3232,768
4426,05004139,Língua de Onça Leite Flowpack 11g,2026-07-20,2026-06-24,Produzida,1216,1198,18
4427,0050305014,PP LÍNGUA DE ONÇA 11G AO LEITE,2026-06-30,2026-06-24,Produzida,1216,1216,0
4434,05104039,Bombom SF Ganache de Taperebá Int 10g,2026-06-24,2026-06-24,Produzida,55,55,0
4435,05104059,Bombom SF Doce de Cupuaçu 10g,2026-06-24,2026-06-24,Produzida,21,21,0
4436,05104016,"Bombom SF Leite Ganache de Maracujá 7,7g",2026-06-24,2026-06-24,Produzida,42,42,0
4445,05104022,Trufas Nativas Pistache 20g,2026-06-25,2026-06-24,Produzida,58,58,0
4449,9990315022,Massa de trufa Intenso,2026-06-25,2026-06-24,Produzida,1,1,0
4450,9990315024,Massa de trufa de Pistache,2026-06-25,2026-06-24,Produzida,1,1,0
4446,05104020,Trufas Nativas de Chocolate Intenso  20G,2026-06-25,2026-06-24,Produzida,54,54,0
4406,0260303001,Nibs de Cacau Moju,2026-06-23,2026-06-23,Em Produção,120.191,50,70.191
4407,0100305001,Massa Paiter Intenso Teste,2026-06-23,2026-06-23,Produzida,3,3,0
4408,0100305002,Massa Paiter Ao Leite Teste,2026-06-23,2026-06-23,Produzida,3,3,0
4401,0260102001,Amêndoa torrada aprovada Moju,2026-06-23,2026-06-23,Em Produção,153.26,153.21,0.05
4412,05004056,Barra ES Leite Praliné de Pistache 80g,2026-06-23,2026-06-23,Produzida,80,77,3
4415,05004014,MAGIO Língua de Onça Intso Praliné Cx80g,2026-06-23,2026-06-23,Produzida,50,50,0
4398,0010305007,Massa de Chocolate Xiba 63%,2026-06-23,2026-06-23,Produzida,58,58,0
4419,0050305025,FORMIGUEIRO MARACUJÁ 16g,2026-06-26,2026-06-23,Produzida,392,392,0
4420,05104033,Formigueiro Caramelo de Maracujá 16g,2026-06-26,2026-06-23,Produzida,35,35,0
4465,05104033,Formigueiro Caramelo de Maracujá 16g,2026-06-26,2026-06-23,Produzida,157,157,0
4460,05104016,"Bombom SF Leite Ganache de Maracujá 7,7g",2026-06-26,2026-06-23,Produzida,55,55,0
4464,9990311009,Recheio Yara Maracujá,2026-06-26,2026-06-23,Produzida,1.5,1.5,0
4458,05104039,Bombom SF Ganache de Taperebá Int 10g,2026-06-26,2026-06-23,Produzida,99,127,-28
4451,05104016,"Bombom SF Leite Ganache de Maracujá 7,7g",2026-06-25,2026-06-23,Produzida,20,20,0
4453,05104071,Bombom Bom Jardim Intenso 10g,2026-06-25,2026-06-23,Produzida,122,122,0
4454,9990311025,Ganache Chocolate intenso,2026-06-25,2026-06-23,Produzida,0.7,0.7,0
4455,05104059,Bombom SF Doce de Cupuaçu 10g,2026-06-26,2026-06-23,Produzida,96,139,-43
4459,9990311013,Ganache de Taperebá,2026-06-26,2026-06-23,Produzida,0.6,0.6,0
4393,05004151,Caixa Simples SSAL 216g,2026-06-23,2026-06-23,Produzida,7,7,0
4456,9990311042,Recheio Doce de Cupuaçu,2026-06-26,2026-06-23,Produzida,0.5,0.5,0
4452,9990311041,Ganache maracujá,2026-06-25,2026-06-23,Produzida,0.5,0.5,0
4394,05104097,Bombom SSAL Choc Lt praliné de avelã 9g,2026-06-23,2026-06-22,Produzida,28,28,0
4391,05104026,Língua de Onça Chocolate ao Leite 11g,2026-06-22,2026-06-22,Produzida,50,50,0
4399,05104098,Bombom SSAL Choc Lt Doce Cupu 10 g,2026-06-23,2026-06-22,Produzida,28,28,0
4395,05104104,Bombom SSAL Choc Int Taperebá 10g,2026-06-23,2026-06-22,Produzida,28,28,0
4400,9990311042,Recheio Doce de Cupuaçu,2026-06-23,2026-06-22,Produzida,0.2,0.2,0
4396,9990311013,Ganache de Taperebá,2026-06-23,2026-06-22,Produzida,0.2,0.2,0
4402,05104099,Bombom SSAL Choc Lt Castanha do Pará 8g,2026-06-23,2026-06-22,Produzida,28,28,0
4392,05104027,Língua de Onça Chocolate Intenso 11g,2026-06-22,2026-06-22,Produzida,50,50,0
4390,05004043,Formigueiro Caramelo de Maracujá Cx 80g,2026-06-22,2026-06-22,Produzida,37,37,0
4403,05104101,Bombom SSAL Choc Branco Nibs 8g,2026-06-23,2026-06-22,Produzida,28,28,0
4405,9990311025,Ganache Chocolate intenso,2026-06-23,2026-06-22,Produzida,0.2,0.2,0
4404,05104103,Bombom SSAL Choc Int Ganache Int 9g,2026-06-23,2026-06-22,Produzida,28,28,0
4432,0020304004,Liquor de Cacau - Mocajuba (PA),2026-06-25,2026-06-22,Produzida,20,20,0
4431,0020305008,Massa de Chocolate - Mocajuba Intenso,2026-06-25,2026-06-22,Produzida,40,40,0
4429,0050304005,LIQUOR DE CACAU - SAKAGUCHI  NT24,2026-06-24,2026-06-22,Produzida,10,10,0
4428,0050305006,MASSA DE CHOCOLATE -AO LEITE   NF24,2026-06-25,2026-06-22,Produzida,80,80,0
4457,9990315026,Polpa de Cupuaçu Reduzida,2026-06-26,2026-06-22,Produzida,2,2,0
4413,0050321011,Barras com recheios - 80g   Pistache,2026-06-23,2026-06-19,Produzida,80,80,0
4369,05004048,Biscoito Cast. Pará Cupulate 70% 150g,2026-06-19,2026-06-19,Produzida,40,36,4
4386,05004149,Caixa de Bombons G (30 bombons),2026-06-19,2026-06-19,Produzida,10,10,0
4370,05004148,Caixa de Bombons M (14 bombons),2026-06-19,2026-06-19,Produzida,15,15,0
4359,05004047,Biscoito Cast. Pará Chocolate 60% 150g,2026-06-18,2026-06-18,Produzida,120,99,21
4357,05004102,Lua Cheia Minis Chocolate ao Leite 100g,2026-06-18,2026-06-18,Produzida,24,24,0
4362,0020315001,Bolo de Chocolate Loja,2026-06-18,2026-06-18,Produzida,2,2,0
4363,0020315002,Massa Do Bolo de Chocolate,2026-06-18,2026-06-18,Produzida,3.4,3.4,0
4356,05104092,Barra Acará-Açu Granel 60g,2026-06-18,2026-06-18,Produzida,17,17,0
4365,0020315003,Recheio Intenso Bolo de Chocolate,2026-06-18,2026-06-18,Produzida,0.92,0.92,0
4366,0020315004,Cobertura Bolo de Chocolate,2026-06-18,2026-06-18,Produzida,1.4,1.4,0
4367,0050315004,Recheio Ao Leite Bolo de Chocolate,2026-06-18,2026-06-18,Produzida,1.84,1.84,0
4368,9990311044,Praliné de castanhas - Bolo de chocolate,2026-06-18,2026-06-18,Produzida,1,1,0
4360,05004056,Barra ES Leite Praliné de Pistache 80g,2026-06-18,2026-06-18,Produzida,11,11,0
4364,9990311045,Calda Bolo de Chocolate,2026-06-18,2026-06-18,Produzida,0.68,0.68,0
4352,05104084,Barra Vale do Jari Granel 60g,2026-06-17,2026-06-17,Produzida,20,20,0
3854,05104056,Língua de Onça Intenso Praliné 11g,2026-06-23,2026-06-17,Produzida,51,51,0
4411,0050305021,PP Língua de Onça intenso Praliné 11G,2026-06-23,2026-06-17,Produzida,356,356,0
4410,05004138,Língua de Onça Int Praliné Flowpack 11g,2026-06-23,2026-06-17,Produzida,400,307,93
4397,0040305007,Massa de Chocolate - Vale do Jari,2026-06-23,2026-06-17,Produzida,25,25,0
4350,05004004,MAGIO Povos Acará-Açu 75% 60g,2026-06-17,2026-06-17,Produzida,100,85,15
4416,0050305020,PP Língua de Onça intenso Praliné 5G,2026-06-23,2026-06-17,Produzida,3152,3152,0
4346,05104119,Bombom Mini Lua Cheia Choco ao Leite 10g,2026-06-16,2026-06-16,Produzida,30,30,0
4347,0050305026,Mini Lua Cheia Ao Leite 10g,2026-06-16,2026-06-16,Produzida,30,30,0
4348,0260305004,Gotas de Chocolate Intenso - Moju,2026-06-17,2026-06-16,Produzida,20,20,0
4349,05104125,Gotas de Moju Intenso 350g,2026-06-17,2026-06-16,Produzida,10,10,0
4344,9990311030,Praliné de Avelã colagem,2026-06-16,2026-06-16,Produzida,7.665,7.665,0
4351,0110321001,Barra 60g Terroir da Amazonia ACARÁ,2026-06-17,2026-06-16,Produzida,102,102,0
4381,05104118,Bombom NM Choc Lt Castanha do Pará 8g,2026-06-19,2026-06-16,Produzida,55,55,0
4353,0050305037,PP Língua de Onça 5G Moju Intenso,2026-06-17,2026-06-16,Produzida,395,395,0
4354,05104123,Língua de Onça Moju Intenso 5G,2026-06-17,2026-06-16,Produzida,250,395,-145
4343,9990311030,Praliné de Avelã colagem,2026-06-16,2026-06-16,Produzida,7.76,7.76,0
4341,05104120,Bombom Mini Lua Cheia Choco Intenso 10g,2026-06-16,2026-06-16,Produzida,30,30,0
4330,05104122,Teste Industrial,2026-06-16,2026-06-16,Produzida,1034,1034,0
4358,0050305026,Mini Lua Cheia Ao Leite 10g,2026-06-18,2026-06-16,Produzida,310,310,0
4345,9990311030,Praliné de Avelã colagem,2026-06-16,2026-06-16,Produzida,8.4,8.4,0
4380,9990311042,Recheio Doce de Cupuaçu,2026-06-19,2026-06-16,Produzida,0.4,0.4,0
2014,9990311009,Recheio Yara Maracujá,2026-06-22,2026-06-16,Produzida,1,1,0
4379,05104115,Bombom NM Choc Lt  Doce de Cupuaçu 10g,2026-06-19,2026-06-16,Produzida,70,70,0
4361,0050321011,Barras com recheios - 80g   Pistache,2026-06-18,2026-06-16,Produzida,159,159,0
4378,05104114,Bombom NM Chocolate Leite Pistache 10g,2026-06-19,2026-06-16,Produzida,35,35,0
4377,05104113,Bombom NM Chocolate ao Leite 11g,2026-06-19,2026-06-16,Produzida,35,35,0
4374,05104112,Bombom NM Choc Int Ganache Int 11g,2026-06-19,2026-06-16,Produzida,35,35,0
4373,05104111,Bombom NM Choc Int Praliné de Avelã 9g,2026-06-19,2026-06-16,Produzida,35,35,0
4372,05104110,Bombom NM Choc Lt Praliné de Avelã 9g,2026-06-19,2026-06-16,Produzida,35,35,0
4376,9990311025,Ganache Chocolate intenso,2026-06-19,2026-06-16,Produzida,0.25,0.25,0
4382,05104116,Bombom NM Chocolate Intenso Taperebá 10g,2026-06-19,2026-06-16,Produzida,70,70,0
4383,9990311013,Ganache de Taperebá,2026-06-19,2026-06-16,Produzida,0.4,0.4,0
4384,05104117,Bombom NM Chocolate LT Maracujá 9g,2026-06-19,2026-06-16,Produzida,70,70,0
4385,9990311041,Ganache maracujá,2026-06-19,2026-06-16,Produzida,0.3,0.3,0
4387,05104122,Teste Industrial,2026-06-22,2026-06-16,Produzida,24,24,0
4388,0050305025,FORMIGUEIRO MARACUJÁ 16g,2026-06-22,2026-06-16,Produzida,265,265,0
4389,05104033,Formigueiro Caramelo de Maracujá 16g,2026-06-22,2026-06-16,Produzida,80,80,0
4371,05104109,Bombom NM Mini Lua Cheia ao Leite 10g,2026-06-19,2026-06-16,Produzida,70,70,0
4329,0260305003,Gotas de Chocolate ao Leite - Moju,2026-06-16,2026-06-15,Produzida,20,20,0
4332,0100305003,Gotas de Chocolate Paiter ao leite,2026-06-16,2026-06-15,Produzida,1,1,0
4336,05104127,Gotas de Paiter Intenso 350g,2026-06-16,2026-06-15,Produzida,2,2,0
4335,0100305004,Gotas de Chocolate Paiter Intenso,2026-06-16,2026-06-15,Produzida,1,1,0
4339,05104124,Gotas de Moju ao leite 350g,2026-06-16,2026-06-15,Produzida,10,10,0
4334,05104126,Gotas de Paiter ao Leite 350g,2026-06-16,2026-06-15,Produzida,2,2,0
4322,0020315003,Recheio Intenso Bolo de Chocolate,2026-06-15,2026-06-11,Produzida,0.92,0.92,0
4321,9990311045,Calda Bolo de Chocolate,2026-06-15,2026-06-11,Produzida,0.7,0.7,0
4323,0020315004,Cobertura Bolo de Chocolate,2026-06-15,2026-06-11,Produzida,1.4,1.4,0
4340,9990311044,Praliné de castanhas - Bolo de chocolate,2026-06-16,2026-06-11,Produzida,1,1,0
4326,0260305002,Massa de Chocolate ao Leite - Moju,2026-06-16,2026-06-11,Produzida,20,20,0
4327,0260305001,Massa de Chocolate - Moju Intenso,2026-06-16,2026-06-11,Produzida,20,20,0
4328,0260304001,Liquor de Cacau - Moju,2026-06-16,2026-06-11,Produzida,14,14,0
4324,0050315004,Recheio Ao Leite Bolo de Chocolate,2026-06-15,2026-06-11,Produzida,2,2,0
4320,0020315002,Massa Do Bolo de Chocolate,2026-06-16,2026-06-11,Produzida,3.4,3.4,0
4319,0020315001,Bolo de Chocolate Loja,2026-06-16,2026-06-11,Produzida,2,2,0
4297,05004149,Caixa de Bombons G (30 bombons),2026-06-11,2026-06-11,Produzida,15,15,0
4298,05004148,Caixa de Bombons M (14 bombons),2026-06-11,2026-06-11,Produzida,20,20,0
4317,05104115,Bombom NM Choc Lt  Doce de Cupuaçu 10g,2026-06-24,2026-06-10,Produzida,119,121,-2
4278,05004151,Caixa Simples SSAL 216g,2026-06-10,2026-06-10,Produzida,3,3,0
4318,9990311042,Recheio Doce de Cupuaçu,2026-06-11,2026-06-10,Produzida,0.7,0.7,0
4301,05104109,Bombom NM Mini Lua Cheia ao Leite 10g,2026-06-11,2026-06-10,Produzida,100,100,0
4303,05104110,Bombom NM Choc Lt Praliné de Avelã 9g,2026-06-11,2026-06-10,Produzida,55,55,0
4304,05104111,Bombom NM Choc Int Praliné de Avelã 9g,2026-06-11,2026-06-10,Produzida,55,55,0
4409,0110305005,Massa de Chocolate - Chocolate - Acará-A,2026-06-24,2026-06-10,Produzida,6,6,0
4302,0050305026,Mini Lua Cheia Ao Leite 10g,2026-06-11,2026-06-10,Produzida,100,100,0
4308,9990311025,Ganache Chocolate intenso,2026-06-11,2026-06-10,Produzida,0.33,0.35,-0.02
4316,9990311013,Ganache de Taperebá,2026-06-11,2026-06-10,Produzida,0.7,0.7,0
4307,05104112,Bombom NM Choc Int Ganache Int 11g,2026-06-11,2026-06-10,Produzida,55,55,0
4314,9990311041,Ganache maracujá,2026-06-11,2026-06-10,Produzida,0.7,0.7,0
4312,05104117,Bombom NM Chocolate LT Maracujá 9g,2026-06-11,2026-06-10,Produzida,139,138,1
4315,05104116,Bombom NM Chocolate Intenso Taperebá 10g,2026-06-11,2026-06-10,Produzida,116,116,0
4310,05104114,Bombom NM Chocolate Leite Pistache 10g,2026-06-11,2026-06-10,Produzida,70,70,0
4309,05104113,Bombom NM Chocolate ao Leite 11g,2026-06-11,2026-06-10,Produzida,55,55,0
4311,05104118,Bombom NM Choc Lt Castanha do Pará 8g,2026-06-11,2026-06-10,Produzida,80,80,0
4289,05104120,Bombom Mini Lua Cheia Choco Intenso 10g,2026-06-10,2026-06-10,Produzida,30,30,0
4288,05004151,Caixa Simples SSAL 216g,2026-06-10,2026-06-09,Produzida,1,1,0
4280,05104097,Bombom SSAL Choc Lt praliné de avelã 9g,2026-06-10,2026-06-09,Produzida,12,12,0
4267,05004015,MAGIO Língua de Onça ao Leite Cx80g,2026-06-09,2026-06-09,Produzida,200,200,0
4281,05104098,Bombom SSAL Choc Lt Doce Cupu 10 g,2026-06-10,2026-06-09,Produzida,25,24,1
4282,9990311042,Recheio Doce de Cupuaçu,2026-06-10,2026-06-09,Produzida,0.15,0.15,0
4284,9990311013,Ganache de Taperebá,2026-06-10,2026-06-09,Produzida,0.15,0.15,0
4285,05104103,Bombom SSAL Choc Int Ganache Int 9g,2026-06-10,2026-06-09,Produzida,20,20,0
4286,05104101,Bombom SSAL Choc Branco Nibs 8g,2026-06-10,2026-06-09,Produzida,27,27,0
4287,05104099,Bombom SSAL Choc Lt Castanha do Pará 8g,2026-06-10,2026-06-09,Produzida,27,27,0
4283,05104104,Bombom SSAL Choc Int Taperebá 10g,2026-06-10,2026-06-09,Produzida,27,26,1
4291,9990315022,Massa de trufa Intenso,2026-06-10,2026-06-09,Produzida,2.5,2.5,0
4292,05104022,Trufas Nativas Pistache 20g,2026-06-10,2026-06-09,Produzida,177,177,0
4293,9990315024,Massa de trufa de Pistache,2026-06-10,2026-06-09,Produzida,3,3,0
4294,9990311004,Praliné Pistache,2026-06-10,2026-06-09,Produzida,1,1,0
4295,05104033,Formigueiro Caramelo de Maracujá 16g,2026-06-10,2026-06-09,Produzida,175,175,0
4296,05104005,Lua Cheia Chocolate Intenso 20g,2026-06-10,2026-06-09,Produzida,125,125,0
4299,0050305025,FORMIGUEIRO MARACUJÁ 16g,2026-06-10,2026-06-09,Produzida,175,175,0
4290,05104020,Trufas Nativas de Chocolate Intenso  20G,2026-06-10,2026-06-09,Produzida,125,185,-60
4300,9990311009,Recheio Yara Maracujá,2026-06-10,2026-06-09,Produzida,0.7,0.7,0
4256,0050305013,PP LÍNGUA DE ONÇA 5G AO LEITE,2026-06-08,2026-06-08,Produzida,3000,2256,744
4255,05004015,MAGIO Língua de Onça ao Leite Cx80g,2026-06-08,2026-06-08,Produzida,141,141,0
4269,05104084,Barra Vale do Jari Granel 60g,2026-06-08,2026-06-08,Produzida,15,15,0
4271,05104018,"Bombom SF Leite Ganache de Cupuaçu 7,7g",2026-06-08,2026-06-08,Produzida,50,50,0
4272,9990311036,Ganache Cupuaçu,2026-06-08,2026-06-08,Produzida,0.25,0.25,0
4275,05104039,Bombom SF Ganache de Taperebá Int 10g,2026-06-08,2026-06-08,Produzida,60,60,0
4274,9990311042,Recheio Doce de Cupuaçu,2026-06-08,2026-06-08,Produzida,0.3,0.3,0
4264,0050321001,Barra 60g Terroir da Amazonia Saka ao le,2026-06-08,2026-06-08,Produzida,50,50,0
4276,9990311013,Ganache de Taperebá,2026-06-08,2026-06-08,Produzida,0.33,0.33,0
4342,9990311043,Praliné de Avelã,2026-06-16,2026-06-08,Produzida,30,30,0
4273,05104059,Bombom SF Doce de Cupuaçu 10g,2026-06-08,2026-06-08,Produzida,60,60,0
4263,05104084,Barra Vale do Jari Granel 60g,2026-06-08,2026-06-08,Produzida,75,75,0
4254,05004016,MAGIO Lg de Onça Lt Praliné Avelã Cx80g,2026-06-05,2026-06-05,Produzida,300,216,84
4253,05004102,Lua Cheia Minis Chocolate ao Leite 100g,2026-06-05,2026-06-05,Produzida,42,42,0
4252,05004102,Lua Cheia Minis Chocolate ao Leite 100g,2026-06-05,2026-06-05,Produzida,30,30,0
4247,05004043,Formigueiro Caramelo de Maracujá Cx 80g,2026-06-05,2026-06-05,Produzida,30,30,0
2184,05004139,Língua de Onça Leite Flowpack 11g,2026-06-09,2026-06-05,Produzida,1693,1693,0
4277,0050305014,PP LÍNGUA DE ONÇA 11G AO LEITE,2026-06-09,2026-06-05,Produzida,1693,1693,0
4239,05104036,Bombom SF Açaí 10g,2026-06-03,2026-06-03,Produzida,110,110,0
4240,9990311020,Ganache Açaí,2026-06-03,2026-06-03,Produzida,0.7,0.7,0
4241,9990315028,Polpa de Açaí Reduzida,2026-06-03,2026-06-03,Produzida,1,1,0
4242,05104120,Bombom Mini Lua Cheia Choco Intenso 10g,2026-06-03,2026-06-03,Produzida,70,70,0
4306,0050304005,LIQUOR DE CACAU - SAKAGUCHI  NT24,2026-06-11,2026-06-03,Produzida,8.4,8.4,0
4243,05104022,Trufas Nativas Pistache 20g,2026-06-03,2026-06-03,Produzida,29,29,0
4244,9990315024,Massa de trufa de Pistache,2026-06-03,2026-06-03,Produzida,0.5,0.5,0
4305,0050305006,MASSA DE CHOCOLATE -AO LEITE   NF24,2026-06-11,2026-06-03,Produzida,70,70,0
4235,0010305007,Massa de Chocolate Xiba 63%,2026-06-02,2026-06-02,Produzida,20,20,0
3837,0050305026,Mini Lua Cheia Ao Leite 10g,2026-06-05,2026-06-02,Produzida,365,485,-120
4245,05104119,Bombom Mini Lua Cheia Choco ao Leite 10g,2026-06-05,2026-06-02,Produzida,65,65,0
4234,0050308014,Biscoito 150 gr com choco,2026-06-02,2026-06-02,Produzida,100,100,0
4262,0050315004,Recheio Ao Leite Bolo de Chocolate,2026-06-08,2026-06-02,Produzida,3.68,3.68,0
4249,9990311009,Recheio Yara Maracujá,2026-06-05,2026-06-02,Produzida,1,1,0
4270,9990311044,Praliné de castanhas - Bolo de chocolate,2026-06-08,2026-06-02,Produzida,3,3,0
4248,0050305025,FORMIGUEIRO MARACUJÁ 16g,2026-06-05,2026-06-02,Produzida,250,249,1
4266,0020304004,Liquor de Cacau - Mocajuba (PA),2026-06-08,2026-06-02,Produzida,14,14,0
4265,0020305008,Massa de Chocolate - Mocajuba Intenso,2026-06-08,2026-06-02,Produzida,25,25,0
4261,0020315004,Cobertura Bolo de Chocolate,2026-06-08,2026-06-02,Produzida,2.8,2.8,0
4268,0050305013,PP LÍNGUA DE ONÇA 5G AO LEITE,2026-06-08,2026-06-02,Produzida,3200,3200,0
4259,9990311045,Calda Bolo de Chocolate,2026-06-08,2026-06-02,Produzida,1.4,1.4,0
4258,0020315002,Massa Do Bolo de Chocolate,2026-06-08,2026-06-02,Produzida,6.8,6.8,0
4251,05104033,Formigueiro Caramelo de Maracujá 16g,2026-06-05,2026-06-02,Produzida,99,99,0
4260,0020315003,Recheio Intenso Bolo de Chocolate,2026-06-08,2026-06-02,Produzida,1.84,1.84,0
4257,0020315001,Bolo de Chocolate Loja,2026-06-08,2026-06-02,Produzida,4,4,0
4232,0050308011,Biscoito de castanha do Pará banhado com,2026-06-01,2026-06-01,Produzida,15,15,0
4230,9990311044,Praliné de castanhas - Bolo de chocolate,2026-05-29,2026-05-29,Produzida,4,4,0
4229,05104084,Barra Vale do Jari Granel 60g,2026-05-29,2026-05-29,Produzida,15,15,0
4227,05004016,MAGIO Lg de Onça Lt Praliné Avelã Cx80g,2026-05-29,2026-05-29,Produzida,400,100,300
3946,0210305004,Massa  de Cupuaçu - Sakaguchi,2026-05-27,2026-05-27,Produzida,5,5,0
4174,05104077,Biscoito Puxuri Chocolate - Unitário,2026-05-27,2026-05-27,Produzida,500,500,0
4172,0050305009,Massa de Chocolate - Chocolate 60% - Sak,2026-05-27,2026-05-27,Em Produção,20,19.8,0.2
4171,0080305004,Massa de  Cupuaçu - Santa Bárbara (PA),2026-05-27,2026-05-27,Produzida,5,5,0
4179,0050308015,Biscoito 150 gr com Cupu,2026-05-27,2026-05-27,Produzida,36,36,0
4192,05004149,Caixa de Bombons G (30 bombons),2026-05-27,2026-05-27,Produzida,6,6,0
4211,05004148,Caixa de Bombons M (14 bombons),2026-05-27,2026-05-27,Produzida,14,14,0
4206,05104118,Bombom NM Choc Lt Castanha do Pará 8g,2026-05-27,2026-05-27,Produzida,38,38,0
4184,9990315024,Massa de trufa de Pistache,2026-05-27,2026-05-26,Produzida,1,1,0
4183,05104022,Trufas Nativas Pistache 20g,2026-05-27,2026-05-26,Produzida,58,58,0
4182,0050308012,BISCOITO DE CASTANHA DO PARÁ COM COBERTU,2026-05-27,2026-05-26,Produzida,5.5,5.5,0
4193,05104109,Bombom NM Mini Lua Cheia ao Leite 10g,2026-05-27,2026-05-26,Produzida,52,52,0
4194,0050305026,Mini Lua Cheia Ao Leite 10g,2026-05-27,2026-05-26,Produzida,418,418,0
4195,05104119,Bombom Mini Lua Cheia Choco ao Leite 10g,2026-05-27,2026-05-26,Produzida,66,66,0
4162,05104033,Formigueiro Caramelo de Maracujá 16g,2026-05-26,2026-05-26,Produzida,6,6,0
4167,0050305014,PP LÍNGUA DE ONÇA 11G AO LEITE,2026-05-26,2026-05-26,Produzida,100,100,0
4166,05104026,Língua de Onça Chocolate ao Leite 11g,2026-05-26,2026-05-26,Produzida,100,100,0
4163,05004057,Barra ES ao Leite Praliné de Avelã 80g,2026-05-26,2026-05-26,Produzida,150,120,30
4160,05104085,Barra Kunkuni Granel 60g,2026-05-26,2026-05-26,Produzida,3,3,0
4159,05104059,Bombom SF Doce de Cupuaçu 10g,2026-05-26,2026-05-26,Produzida,20,20,0
4150,05004011,MAGIO Povos Kunkuni Cupulate 58% 60g,2026-05-26,2026-05-26,Produzida,120,101,19
4196,05104110,Bombom NM Choc Lt Praliné de Avelã 9g,2026-05-27,2026-05-26,Produzida,26,26,0
4170,05004047,Biscoito Cast. Pará Chocolate 60% 150g,2026-05-26,2026-05-26,Produzida,19,19,0
4197,05104111,Bombom NM Choc Int Praliné de Avelã 9g,2026-05-27,2026-05-26,Produzida,26,26,0
4220,05104016,"Bombom SF Leite Ganache de Maracujá 7,7g",2026-05-29,2026-05-26,Produzida,130,130,0
4199,9990311025,Ganache Chocolate intenso,2026-05-27,2026-05-26,Produzida,0.2,0.2,0
4198,05104112,Bombom NM Choc Int Ganache Int 11g,2026-05-27,2026-05-26,Produzida,26,26,0
4221,9990311041,Ganache maracujá,2026-05-29,2026-05-26,Produzida,0.6,0.6,0
4219,9990311042,Recheio Doce de Cupuaçu,2026-05-29,2026-05-26,Produzida,0.6,0.6,0
4218,05104059,Bombom SF Doce de Cupuaçu 10g,2026-05-29,2026-05-26,Produzida,139,133,6
4217,9990311025,Ganache Chocolate intenso,2026-05-28,2026-05-26,Produzida,0.6,0.6,0
4216,05104071,Bombom Bom Jardim Intenso 10g,2026-05-29,2026-05-26,Produzida,113,108,5
4215,05104096,Bombom SF Castanha-do-Pará 10g,2026-05-28,2026-05-26,Produzida,121,121,0
4214,05104012,Bombom SF Leite Praliné de Pistache 10g,2026-05-29,2026-05-26,Produzida,117,115,2
4224,05104039,Bombom SF Ganache de Taperebá Int 10g,2026-05-29,2026-05-26,Produzida,135,135,0
4212,05104008,Bombom ao Leite Praliné 10g,2026-05-29,2026-05-26,Produzida,112,111,1
4210,9990311013,Ganache de Taperebá,2026-05-27,2026-05-26,Produzida,0.3,0.3,0
4209,05104116,Bombom NM Chocolate Intenso Taperebá 10g,2026-05-27,2026-05-26,Produzida,52,52,0
4213,05104007,Bombom Intenso Praliné 10g,2026-05-28,2026-05-26,Produzida,113,113,0
4207,05104117,Bombom NM Chocolate LT Maracujá 9g,2026-05-27,2026-05-26,Produzida,52,52,0
4200,05104113,Bombom NM Chocolate ao Leite 11g,2026-05-27,2026-05-26,Produzida,26,26,0
4201,05104114,Bombom NM Chocolate Leite Pistache 10g,2026-05-27,2026-05-26,Produzida,26,26,0
4202,05104115,Bombom NM Choc Lt  Doce de Cupuaçu 10g,2026-05-27,2026-05-26,Produzida,52,52,0
4208,9990311041,Ganache maracujá,2026-05-27,2026-05-26,Produzida,0.3,0.3,0
4226,9990311013,Ganache de Taperebá,2026-05-29,2026-05-26,Produzida,0.75,0.75,0
4203,9990311042,Recheio Doce de Cupuaçu,2026-05-27,2026-05-26,Produzida,0.3,0.3,0
4189,0020315003,Recheio Intenso Bolo de Chocolate,2026-05-27,2026-05-25,Produzida,3.7,3.7,0
4223,0050305017,PP LÍNGUA DE ONÇA 11G INTENSO,2026-05-29,2026-05-25,Produzida,1700,1690,10
4187,0020315002,Massa Do Bolo de Chocolate,2026-05-27,2026-05-25,Produzida,14,14,0
4186,0020315001,Bolo de Chocolate Loja,2026-05-27,2026-05-25,Produzida,8,8,0
4222,05004140,Língua de Onça Intenso Flowpack 11g,2026-06-05,2026-05-25,Produzida,1700,1685,15
4190,0020315004,Cobertura Bolo de Chocolate,2026-05-27,2026-05-25,Produzida,5.6,5.6,0
4191,0050315004,Recheio Ao Leite Bolo de Chocolate,2026-05-27,2026-05-25,Produzida,7.4,7.4,0
4175,0050305006,MASSA DE CHOCOLATE -AO LEITE   NF24,2026-05-27,2026-05-22,Produzida,60,60,0
4133,05004102,Lua Cheia Minis Chocolate ao Leite 100g,2026-05-22,2026-05-22,Produzida,25,25,0
4142,05104084,Barra Vale do Jari Granel 60g,2026-05-22,2026-05-22,Produzida,17,17,0
4156,0020315003,Recheio Intenso Bolo de Chocolate,2026-05-26,2026-05-22,Produzida,0.92,0.92,0
4155,9990311045,Calda Bolo de Chocolate,2026-05-26,2026-05-22,Produzida,0.6,0.6,0
4145,05104061,Língua de Onça Leite Praliné 5g,2026-05-22,2026-05-22,Produzida,11,11,0
4146,05004043,Formigueiro Caramelo de Maracujá Cx 80g,2026-05-22,2026-05-22,Produzida,23,23,0
4111,05104079,Biscoito Puxuri Cupulate - unitário,2026-05-21,2026-05-21,Produzida,200,200,0
4114,05004149,Caixa de Bombons G (30 bombons),2026-05-21,2026-05-21,Produzida,3,3,0
4110,05104084,Barra Vale do Jari Granel 60g,2026-05-21,2026-05-21,Produzida,10,10,0
4130,9990311044,Praliné de castanhas - Bolo de chocolate,2026-05-21,2026-05-21,Produzida,1.5,1.5,0
4129,05004148,Caixa de Bombons M (14 bombons),2026-05-21,2026-05-21,Produzida,12,12,0
4147,0050305025,FORMIGUEIRO MARACUJÁ 16g,2026-05-22,2026-05-21,Produzida,187,187,0
4148,9990311009,Recheio Yara Maracujá,2026-05-22,2026-05-21,Produzida,1,1,0
4158,0050315004,Recheio Ao Leite Bolo de Chocolate,2026-05-26,2026-05-21,Produzida,1.84,1.84,0
4153,0020315001,Bolo de Chocolate Loja,2026-05-26,2026-05-21,Produzida,2,2,0
4154,0020315002,Massa Do Bolo de Chocolate,2026-05-26,2026-05-21,Produzida,3.4,3.4,0
4157,0020315004,Cobertura Bolo de Chocolate,2026-05-26,2026-05-21,Produzida,1.4,1.4,0
4149,05104033,Formigueiro Caramelo de Maracujá 16g,2026-05-22,2026-05-21,Produzida,72,72,0
4103,05004048,Biscoito Cast. Pará Cupulate 70% 150g,2026-05-20,2026-05-20,Produzida,4,4,0
4119,05104112,Bombom NM Choc Int Ganache Int 11g,2026-05-21,2026-05-20,Produzida,18,18,0
2377,05104016,"Bombom SF Leite Ganache de Maracujá 7,7g",2026-05-22,2026-05-20,Produzida,44,44,0
4118,05104111,Bombom NM Choc Int Praliné de Avelã 9g,2026-05-21,2026-05-20,Produzida,18,18,0
4117,05104110,Bombom NM Choc Lt Praliné de Avelã 9g,2026-05-21,2026-05-20,Produzida,18,18,0
4116,0050305026,Mini Lua Cheia Ao Leite 10g,2026-05-21,2026-05-20,Produzida,36,36,0
2378,9990311041,Ganache maracujá,2026-05-22,2026-05-20,Produzida,0.2,0.2,0
4100,9990311036,Ganache Cupuaçu,2026-05-20,2026-05-20,Produzida,0.1,0.1,0
4115,05104109,Bombom NM Mini Lua Cheia ao Leite 10g,2026-05-21,2026-05-20,Produzida,36,36,0
4099,05104018,"Bombom SF Leite Ganache de Cupuaçu 7,7g",2026-05-20,2026-05-20,Produzida,25,25,0
4113,9990311042,Recheio Doce de Cupuaçu,2026-05-21,2026-05-20,Produzida,0.7,0.7,0
4094,05004057,Barra ES ao Leite Praliné de Avelã 80g,2026-05-20,2026-05-20,Produzida,80,80,0
4120,9990311025,Ganache Chocolate intenso,2026-05-21,2026-05-20,Produzida,0.3,0.3,0
4109,9990315022,Massa de trufa Intenso,2026-05-20,2026-05-20,Produzida,2,2,0
4108,05104020,Trufas Nativas de Chocolate Intenso  20G,2026-05-20,2026-05-20,Produzida,119,118,1
4107,9990311013,Ganache de Taperebá,2026-05-20,2026-05-20,Produzida,0.3,0.3,0
4106,05104039,Bombom SF Ganache de Taperebá Int 10g,2026-05-20,2026-05-20,Produzida,51,51,0
4105,0050305032,Barra Recheada Maracujá 29g,2026-05-20,2026-05-20,Produzida,1,1,0
4104,05004142,Barra ES Chocolate Lt Maracujá 29g,2026-05-22,2026-05-20,Produzida,150,142,8
4098,05104122,Teste Industrial,2026-05-20,2026-05-20,Produzida,40,40,0
4121,05104113,Bombom NM Chocolate ao Leite 11g,2026-05-21,2026-05-20,Produzida,18,18,0
4125,9990311013,Ganache de Taperebá,2026-05-21,2026-05-20,Produzida,0.2,0.2,0
4123,05104115,Bombom NM Choc Lt  Doce de Cupuaçu 10g,2026-05-21,2026-05-20,Produzida,36,36,0
4164,0050321013,Barras com recheios - 80g  com praliné,2026-05-26,2026-05-20,Produzida,150,125,25
4165,05104082,Barra Recheada Avelã Granel 80g,2026-05-26,2026-05-20,Produzida,5,5,0
4161,05104039,Bombom SF Ganache de Taperebá Int 10g,2026-05-26,2026-05-20,Produzida,22,22,0
4168,05104122,Teste Industrial,2026-05-26,2026-05-20,Produzida,109,109,0
4144,9990311025,Ganache Chocolate intenso,2026-05-22,2026-05-20,Produzida,0.3,0.3,0
4143,05104071,Bombom Bom Jardim Intenso 10g,2026-05-22,2026-05-20,Produzida,39,39,0
4141,05104008,Bombom ao Leite Praliné 10g,2026-05-22,2026-05-20,Produzida,17,17,0
4140,05104007,Bombom Intenso Praliné 10g,2026-05-22,2026-05-20,Produzida,14,14,0
4139,05104012,Bombom SF Leite Praliné de Pistache 10g,2026-05-22,2026-05-20,Produzida,28,28,0
4122,05104114,Bombom NM Chocolate Leite Pistache 10g,2026-05-21,2026-05-20,Produzida,18,18,0
4137,05104059,Bombom SF Doce de Cupuaçu 10g,2026-05-22,2026-05-20,Produzida,31,31,0
4135,05104119,Bombom Mini Lua Cheia Choco ao Leite 10g,2026-05-22,2026-05-20,Produzida,61,61,0
4134,0050305026,Mini Lua Cheia Ao Leite 10g,2026-05-22,2026-05-20,Produzida,311,311,0
4132,9990311020,Ganache Açaí,2026-05-22,2026-05-20,Produzida,0.15,0.15,0
4131,05104036,Bombom SF Açaí 10g,2026-05-22,2026-05-20,Produzida,28,28,0
4126,05104117,Bombom NM Chocolate LT Maracujá 9g,2026-05-21,2026-05-20,Produzida,36,36,0
4124,05104116,Bombom NM Chocolate Intenso Taperebá 10g,2026-05-21,2026-05-20,Produzida,36,36,0
4127,9990311041,Ganache maracujá,2026-05-21,2026-05-20,Produzida,0.2,0.2,0
4128,05104118,Bombom NM Choc Lt Castanha do Pará 8g,2026-05-21,2026-05-20,Produzida,24,24,0
4085,0050308011,Biscoito de castanha do Pará banhado com,2026-05-20,2026-05-19,Produzida,15,15,0
4083,0020315004,Cobertura Bolo de Chocolate,2026-05-19,2026-05-19,Produzida,1.4,1.4,0
4082,0020315003,Recheio Intenso Bolo de Chocolate,2026-05-19,2026-05-19,Produzida,0.46,0.92,-0.46
4078,05104122,Teste Industrial,2026-05-19,2026-05-19,Produzida,36,37,-1
4079,05104122,Teste Industrial,2026-05-19,2026-05-19,Produzida,90,89,1
4086,0050308014,Biscoito 150 gr com choco,2026-05-20,2026-05-19,Produzida,100,100,0
4076,05004016,MAGIO Lg de Onça Lt Praliné Avelã Cx80g,2026-05-19,2026-05-19,Produzida,30,30,0
4073,05104122,Teste Industrial,2026-05-19,2026-05-19,Produzida,40,26,14
4053,0020315002,Massa Do Bolo de Chocolate,2026-05-19,2026-05-19,Produzida,1.7,3.4,-1.7
4052,0020315001,Bolo de Chocolate Loja,2026-05-19,2026-05-19,Produzida,2,2,0
4081,05104122,Teste Industrial,2026-05-19,2026-05-19,Produzida,104,104,0
4090,05104026,Língua de Onça Chocolate ao Leite 11g,2026-05-20,2026-05-19,Produzida,100,100,0
4080,05104122,Teste Industrial,2026-05-19,2026-05-19,Produzida,56,56,0
4092,05104027,Língua de Onça Chocolate Intenso 11g,2026-05-20,2026-05-19,Produzida,100,100,0
4091,0050305014,PP LÍNGUA DE ONÇA 11G AO LEITE,2026-05-20,2026-05-19,Produzida,100,100,0
4102,0050305019,PP LÍNGUA DE ONÇA CUPUAÇU 11G,2026-05-20,2026-05-19,Produzida,94,94,0
4093,0050305017,PP LÍNGUA DE ONÇA 11G INTENSO,2026-05-20,2026-05-19,Produzida,100,100,0
4095,0050321013,Barras com recheios - 80g  com praliné,2026-05-20,2026-05-19,Produzida,80,80,0
4228,0050305010,PP LÍNGUA DE ONÇA 5G PRALINÉ,2026-05-29,2026-05-19,Produzida,4896,4896,0
4096,05004143,Barra ES Chocolate Lt Pistache 29g,2026-05-22,2026-05-19,Produzida,150,220,-70
4097,0050305034,Barra Recheada Pistache 29g,2026-05-20,2026-05-19,Produzida,1,1,0
4178,9990311038,Recheio Caramelo Maracujá,2026-05-27,2026-05-19,Produzida,8.29,8.29,0
4101,05004141,Língua de Onça Cupulate Flowpack 11g,2026-05-22,2026-05-19,Produzida,94,94,0
4176,0020305008,Massa de Chocolate - Mocajuba Intenso,2026-05-27,2026-05-18,Produzida,40,40,0
4055,05004097,Barra ES Leite com Avelã e Maracujá 80g,2026-05-18,2026-05-18,Produzida,81,81,0
4070,05104060,Língua de Onça Chocolate ao Leite 5g,2026-05-18,2026-05-18,Produzida,100,100,0
4177,0020304004,Liquor de Cacau - Mocajuba (PA),2026-05-27,2026-05-18,Produzida,22,22,0
4089,0100305002,Massa Paiter Ao Leite Teste,2026-05-20,2026-05-16,Produzida,1,1,0
4152,0050321022,Barra 60g Terroir da Amazonia Kunkuni,2026-05-26,2026-05-15,Produzida,120,104,16
4071,0050305013,PP LÍNGUA DE ONÇA 5G AO LEITE,2026-05-18,2026-05-15,Produzida,100,100,0
4074,0020305008,Massa de Chocolate - Mocajuba Intenso,2026-05-19,2026-05-15,Produzida,12,12,0
4075,0020304004,Liquor de Cacau - Mocajuba (PA),2026-05-19,2026-05-15,Produzida,6.6,6.6,0
4088,0100305001,Massa Paiter Intenso Teste,2026-05-20,2026-05-15,Produzida,1,1,0
3163,05104007,Bombom Intenso Praliné 10g,2026-05-18,2026-05-14,Produzida,55,55,0
4027,05004043,Formigueiro Caramelo de Maracujá Cx 80g,2026-05-14,2026-05-14,Produzida,43,43,0
4036,0050305009,Massa de Chocolate - Chocolate 60% - Sak,2026-05-19,2026-05-14,Produzida,10,10,0
4037,9990311030,Praliné de Avelã colagem,2026-05-14,2026-05-14,Produzida,7.376,7.376,0
4040,9990311030,Praliné de Avelã colagem,2026-05-14,2026-05-14,Produzida,7.826,7.826,0
4041,9990311031,Praliné Pistache colagem,2026-05-14,2026-05-14,Produzida,6.146,6.146,0
4043,9990311031,Praliné Pistache colagem,2026-05-14,2026-05-14,Produzida,8.471,8.471,0
4044,9990311031,Praliné Pistache colagem,2026-05-14,2026-05-14,Produzida,8.611,8.611,0
4045,9990311031,Praliné Pistache colagem,2026-05-14,2026-05-14,Produzida,7.891,7.891,0
4046,05004097,Barra ES Leite com Avelã e Maracujá 80g,2026-05-14,2026-05-14,Produzida,80,77,3
4047,05104081,Barra Recheada Maracujá Granel 80g,2026-05-14,2026-05-14,Produzida,3,3,0
4049,05004016,MAGIO Lg de Onça Lt Praliné Avelã Cx80g,2026-05-14,2026-05-14,Produzida,38,38,0
4072,05104059,Bombom SF Doce de Cupuaçu 10g,2026-05-19,2026-05-14,Produzida,84,84,0
4054,9990311045,Calda Bolo de Chocolate,2026-05-19,2026-05-14,Produzida,0.6,0.6,0
4084,0050315004,Recheio Ao Leite Bolo de Chocolate,2026-05-19,2026-05-14,Produzida,1.84,1.84,0
4056,0050321024,Barra 80 GR  Caram de Maracujá+praliné,2026-05-18,2026-05-14,Produzida,220,203,17
4138,05104096,Bombom SF Castanha-do-Pará 10g,2026-05-22,2026-05-14,Produzida,29,64,-35
4068,05104081,Barra Recheada Maracujá Granel 80g,2026-05-18,2026-05-14,Produzida,2,2,0
4067,9990311036,Ganache Cupuaçu,2026-05-18,2026-05-14,Produzida,0.3,0.3,0
4065,05104018,"Bombom SF Leite Ganache de Cupuaçu 7,7g",2026-05-18,2026-05-14,Produzida,84,84,0
4064,05104012,Bombom SF Leite Praliné de Pistache 10g,2026-05-18,2026-05-14,Produzida,45,45,0
4062,05104016,"Bombom SF Leite Ganache de Maracujá 7,7g",2026-05-18,2026-05-14,Produzida,47,47,0
4063,9990311041,Ganache maracujá,2026-05-18,2026-05-14,Produzida,0.22,0.22,0
4059,9990311025,Ganache Chocolate intenso,2026-05-18,2026-05-14,Produzida,0.15,0.15,0
4077,0050305010,PP LÍNGUA DE ONÇA 5G PRALINÉ,2026-05-19,2026-05-14,Produzida,2080,2091,-11
4058,05104071,Bombom Bom Jardim Intenso 10g,2026-05-18,2026-05-14,Produzida,24,24,0
4057,05104008,Bombom ao Leite Praliné 10g,2026-05-18,2026-05-14,Produzida,50,50,0
4060,05104022,Trufas Nativas Pistache 20g,2026-05-18,2026-05-14,Produzida,54,54,0
4061,9990315024,Massa de trufa de Pistache,2026-05-18,2026-05-14,Produzida,1,1,0
4019,05004016,MAGIO Lg de Onça Lt Praliné Avelã Cx80g,2026-05-13,2026-05-13,Produzida,150,144,6
4039,9990311030,Praliné de Avelã colagem,2026-05-14,2026-05-13,Produzida,7.876,7.876,0
4050,0050305010,PP LÍNGUA DE ONÇA 5G PRALINÉ,2026-05-14,2026-05-13,Produzida,3168,3168,0
4033,0080302002,Amêndoa de Cupuaçu Torrada - Santa Bárba,2026-05-13,2026-05-13,Produzida,25,25,0
4011,0080305004,Massa de  Cupuaçu - Santa Bárbara (PA),2026-05-13,2026-05-13,Produzida,25,25,0
4012,0080303003,Nibs de Cupuaçu - Santa Bárbara (PA),2026-05-13,2026-05-13,Produzida,58,58,0
4014,0020302002,Amêndoa de Cacau Torrada - Mocajuba (PA),2026-05-12,2026-05-12,Produzida,7.92,7.92,0
3994,05004097,Barra ES Leite com Avelã e Maracujá 80g,2026-05-12,2026-05-12,Produzida,80,79,1
4001,9990315024,Massa de trufa de Pistache,2026-05-12,2026-05-12,Produzida,0.6,0.6,0
4004,0260305001,Massa de Chocolate - Moju Intenso,2026-05-12,2026-05-12,Produzida,3.798,3.798,0
4005,0070305011,Massa de Chocolate Intenso Yanomami 63%,2026-05-12,2026-05-12,Produzida,4.176,4.176,0
4006,0070304004,Liquor de Cacau - Yanomami (RR),2026-05-12,2026-05-12,Produzida,2.3,2.3,0
4008,0210305004,Massa  de Cupuaçu - Sakaguchi,2026-05-12,2026-05-12,Produzida,14,14,0
4030,05104033,Formigueiro Caramelo de Maracujá 16g,2026-05-13,2026-05-12,Produzida,65,65,0
4029,9990311009,Recheio Yara Maracujá,2026-05-13,2026-05-12,Produzida,1.1,1.1,0
4003,0020303003,Nibs de Cacau - Mocajuba (PA),2026-05-12,2026-05-12,Produzida,7.2,7.2,0
4009,0050308012,BISCOITO DE CASTANHA DO PARÁ COM COBERTU,2026-05-12,2026-05-12,Produzida,15,15,0
3923,0210303001,Nibs de Cupuaçu - Sakaguchi,2026-05-12,2026-05-12,Produzida,100,100,0
2046,0050321024,Barra 80 GR  Caram de Maracujá+praliné,2026-05-14,2026-05-12,Produzida,80,80,0
4028,0050305025,FORMIGUEIRO MARACUJÁ 16g,2026-05-13,2026-05-12,Produzida,280,280,0
4020,0050305010,PP LÍNGUA DE ONÇA 5G PRALINÉ,2026-05-12,2026-05-12,Produzida,2304,2304,0
4010,0050308015,Biscoito 150 gr com Cupu,2026-05-12,2026-05-12,Produzida,100,100,0
4038,9990311043,Praliné de Avelã,2026-05-14,2026-05-11,Produzida,19,19,0
4205,9990315026,Polpa de Cupuaçu Reduzida,2026-05-27,2026-05-11,Produzida,0.692,0.692,0
4002,0050305006,MASSA DE CHOCOLATE -AO LEITE   NF24,2026-05-12,2026-05-11,Produzida,100,100,0
4042,9990311004,Praliné Pistache,2026-05-14,2026-05-11,Produzida,25,25,0
3991,05104026,Língua de Onça Chocolate ao Leite 11g,2026-05-11,2026-05-11,Produzida,60,60,0
3974,05004149,Caixa de Bombons G (30 bombons),2026-05-11,2026-05-11,Produzida,10,10,0
3992,0050305014,PP LÍNGUA DE ONÇA 11G AO LEITE,2026-05-11,2026-05-11,Produzida,60,60,0
3981,05104113,Bombom NM Chocolate ao Leite 11g,2026-05-11,2026-05-08,Produzida,20,20,0
3979,9990311025,Ganache Chocolate intenso,2026-05-11,2026-05-08,Produzida,0.12,0.12,0
3978,05104112,Bombom NM Choc Int Ganache Int 11g,2026-05-11,2026-05-08,Produzida,20,20,0
3972,0210305005,Massa de Cupuaçu  Sakaguchi - Reprocesso,2026-05-11,2026-05-08,Produzida,1.18,1.18,0
3975,05104109,Bombom NM Mini Lua Cheia ao Leite 10g,2026-05-11,2026-05-08,Produzida,40,40,0
3899,05004151,Caixa Simples SSAL 216g,2026-05-08,2026-05-08,Produzida,25,25,0
3983,05104114,Bombom NM Chocolate Leite Pistache 10g,2026-05-11,2026-05-08,Produzida,20,20,0
3528,05104110,Bombom NM Choc Lt Praliné de Avelã 9g,2026-05-11,2026-05-08,Produzida,20,20,0
3965,9990315022,Massa de trufa Intenso,2026-05-08,2026-05-08,Produzida,0.7,0.7,0
3977,05104111,Bombom NM Choc Int Praliné de Avelã 9g,2026-05-11,2026-05-08,Produzida,20,20,0
3984,05104115,Bombom NM Choc Lt  Doce de Cupuaçu 10g,2026-05-11,2026-05-08,Produzida,40,40,0
3976,0050305026,Mini Lua Cheia Ao Leite 10g,2026-05-11,2026-05-08,Produzida,40,40,0
3986,05104116,Bombom NM Chocolate Intenso Taperebá 10g,2026-05-11,2026-05-08,Produzida,40,40,0
3985,9990311042,Recheio Doce de Cupuaçu,2026-05-11,2026-05-08,Produzida,0.22,0.22,0
4000,05104022,Trufas Nativas Pistache 20g,2026-05-12,2026-05-08,Produzida,35,35,0
3998,05104020,Trufas Nativas de Chocolate Intenso  20G,2026-05-12,2026-05-08,Produzida,26,26,0
3997,05104121,"Poltrona Ilustre 4,5g",2026-05-11,2026-05-08,Produzida,132,132,0
3999,9990315022,Massa de trufa Intenso,2026-05-12,2026-05-08,Produzida,0.5,0.5,0
3993,05104118,Bombom NM Choc Lt Castanha do Pará 8g,2026-05-11,2026-05-08,Produzida,40,40,0
3990,9990311041,Ganache maracujá,2026-05-11,2026-05-08,Produzida,0.22,0.22,0
3989,05104117,Bombom NM Chocolate LT Maracujá 9g,2026-05-11,2026-05-08,Produzida,40,40,0
3987,9990311013,Ganache de Taperebá,2026-05-11,2026-05-08,Produzida,0.22,0.22,0
3995,0050321024,Barra 80 GR  Caram de Maracujá+praliné,2026-05-12,2026-05-08,Produzida,80,79,1
3959,0050305014,PP LÍNGUA DE ONÇA 11G AO LEITE,2026-05-08,2026-05-07,Produzida,828,828,0
3947,05004102,Lua Cheia Minis Chocolate ao Leite 100g,2026-05-07,2026-05-07,Produzida,30,27,3
3954,05104071,Bombom Bom Jardim Intenso 10g,2026-05-07,2026-05-07,Produzida,55,55,0
3955,9990311025,Ganache Chocolate intenso,2026-05-07,2026-05-07,Produzida,0.3,0.3,0
3957,0050305036,Massa de Chocolate ao Leite - Colagem,2026-05-11,2026-05-07,Produzida,2.8,2.8,0
3958,05004139,Língua de Onça Leite Flowpack 11g,2026-05-11,2026-05-07,Produzida,828,825,3
3949,05104007,Bombom Intenso Praliné 10g,2026-05-07,2026-05-07,Produzida,55,55,0
3950,05104008,Bombom ao Leite Praliné 10g,2026-05-07,2026-05-07,Produzida,55,55,0
3971,0050305015,PP LÍNGUA DE ONÇA 11G PRALINÉ,2026-05-11,2026-05-07,Produzida,1200,1180,20
4025,05104122,Teste Industrial,2026-05-13,2026-05-07,Produzida,3,3,0
3964,05104020,Trufas Nativas de Chocolate Intenso  20G,2026-05-08,2026-05-07,Produzida,40,40,0
4026,05104122,Teste Industrial,2026-05-13,2026-05-07,Produzida,6,6,0
3970,05004017,Língua de Onça Leit Praliné Flowpack 11g,2026-05-11,2026-05-07,Produzida,1180,1180,0
3966,05104022,Trufas Nativas Pistache 20g,2026-05-08,2026-05-07,Produzida,40,40,0
3953,05104012,Bombom SF Leite Praliné de Pistache 10g,2026-05-07,2026-05-07,Produzida,47,47,0
3967,9990315024,Massa de trufa de Pistache,2026-05-08,2026-05-07,Produzida,0.7,0.7,0
3963,0050305021,PP Língua de Onça intenso Praliné 11G,2026-05-08,2026-05-06,Produzida,1044,1044,0
3948,0050305026,Mini Lua Cheia Ao Leite 10g,2026-05-07,2026-05-06,Produzida,300,270,30
3951,05104039,Bombom SF Ganache de Taperebá Int 10g,2026-05-07,2026-05-06,Produzida,47,47,0
3942,9990315022,Massa de trufa Intenso,2026-05-06,2026-05-06,Produzida,0.7,0.7,0
3940,9990315024,Massa de trufa de Pistache,2026-05-06,2026-05-06,Produzida,0.7,0.7,0
3939,05104022,Trufas Nativas Pistache 20g,2026-05-06,2026-05-06,Produzida,40,40,0
3952,9990311013,Ganache de Taperebá,2026-05-07,2026-05-06,Produzida,0.3,0.3,0
4023,05104122,Teste Industrial,2026-05-13,2026-05-06,Produzida,30,30,0
3941,05104020,Trufas Nativas de Chocolate Intenso  20G,2026-05-06,2026-05-06,Produzida,40,40,0
3961,05004138,Língua de Onça Int Praliné Flowpack 11g,2026-05-11,2026-05-06,Produzida,1044,1044,0
2494,05004140,Língua de Onça Intenso Flowpack 11g,2026-05-08,2026-05-05,Produzida,2085,2085,0
4022,05104122,Teste Industrial,2026-05-13,2026-05-05,Produzida,0.5,1,-0.5
3936,05104033,Formigueiro Caramelo de Maracujá 16g,2026-05-05,2026-05-05,Produzida,50,50,0
3938,05104121,"Poltrona Ilustre 4,5g",2026-05-05,2026-05-05,Produzida,350,350,0
3933,05004043,Formigueiro Caramelo de Maracujá Cx 80g,2026-05-05,2026-05-05,Produzida,50,49,1
3945,0050305017,PP LÍNGUA DE ONÇA 11G INTENSO,2026-05-07,2026-05-05,Produzida,2085,2085,0
3944,0020304004,Liquor de Cacau - Mocajuba (PA),2026-05-07,2026-05-04,Produzida,8,8,0
3943,0020305008,Massa de Chocolate - Mocajuba Intenso,2026-05-07,2026-05-04,Produzida,15,15,0
3931,05004047,Biscoito Cast. Pará Chocolate 60% 150g,2026-05-04,2026-05-04,Produzida,50,50,0
4021,05104122,Teste Industrial,2026-05-13,2026-05-04,Produzida,20,20,0
