sku,descricao,categoria_produto,unidade
0010302002,Amêndoa de Cacau Torrada - Xiba,Produto em Processo,KG
0010305005,Massa de Chocolate - Chocolate - Xiba,Produto em Processo,KG
0010305006,MASSA DE CHOCOLATE - - XIBA 2025,Produto em Processo,KG
0010305007,Massa de Chocolate Xiba Bom Jardim,Produto em Processo,PC
0010321001,Barra 60g Terroir da Amazonia XIBA,Produto em Processo,PC
00104007,Chocolate Xiba 81% cacau ( Amostra ),Produto Intermediario,KG
00104008,Massa de Cacau - Xiba - 1kg,Produto em Processo,KG
0020304004,Liquor de Cacau - Mocajuba (PA),Produto em Processo,KG
0020305005,Massa de Chocolate - Chocolate - Mocajub,Produto em Processo,KG
0020305006,MASSA DE CHOCOLATE  - MOCAJUBA (PA)2025,Produto em Processo,KG
0020305007,Massa de Chocolate Chocotone Mocajuba,Produto em Processo,KG
0020305008,Massa de Chocolate - Mocajuba Intenso,Produto em Processo,KG
0020315001,Bolo de Chocolate Loja,Produto em Processo,UN
0020315002,Massa Do Bolo de Chocolate,Produto em Processo,KG
0020315003,Recheio Intenso Bolo de Chocolate,Produto em Processo,KG
0020315004,Cobertura Bolo de Chocolate,Produto em Processo,KG
0020315005,Face mini Ovo Intenso,Produto em Processo,PC
0020302002,Amêndoa de Cacau Torrada - Mocajuba (PA),Produto em Processo,KG
00204007,Chocolate Mocajuba 74% cacau ( Amostra ),Produto em Processo,KG
00204008,Massa de Cacau - Mocajuba (PA) - 1kg,Produto em Processo,KG
00303007,Massa de Chocolate - Chocolate ao Leite,Produto em Processo,KG
00304008,Massa de Cacau - Jarí (PA) - 1kg,Produto em Processo,KG
00403005,Massa de Chocolate - Chocolate - Vale do,Produto em Processo,KG
0040305001,Massa de Chocolate ao leite Vale do Jari,Produto em Processo,KG
0040305007,Massa de Chocolate - Vale do Jari,Produto em Processo,KG
00404007,Chocolate Vale do Jarí 65% cacau ( Amost,Produto Intermediario,KG
0040302002,Amêndoa de Cacau Torrada - Vale do Jarí,Produto em Processo,KG
0040303003,Nibs de Cacau - Vale do Jarí (PA/AP),Produto em Processo,KG
0050305010,PP LÍNGUA DE ONÇA 5G PRALINÉ,Produto em Processo,PC
0050305013,PP LÍNGUA DE ONÇA 5G AO LEITE,Produto em Processo,PC
0050305014,PP LÍNGUA DE ONÇA 11G AO LEITE,Produto em Processo,PC
0050305015,PP LÍNGUA DE ONÇA 11G PRALINÉ,Produto em Processo,PC
0050305016,PP LÍNGUA DE ONÇA 5G INTENSO,Produto em Processo,PC
0050305017,PP LÍNGUA DE ONÇA 11G INTENSO,Produto em Processo,PC
0050305018,PP LÍNGUA DE ONÇA CUPUAÇU 5G,Produto em Processo,PC
0050305019,PP LÍNGUA DE ONÇA CUPUAÇU 11G,Produto em Processo,PC
0050305020,PP Língua de Onça intenso Praliné 5G,Produto em Processo,UN
0050305021,PP Língua de Onça intenso Praliné 11G,Produto em Processo,UN
0050305022,MASSA DE CHOCOLATE  SAKAGUCHI 78 2025,Produto em Processo,KG
0050305023,FORMIGUEIRO AVELÃ 16g,Produto em Processo,UN
0050305024,FORMIGUEIRO PISTACHE 16g,Produto em Processo,UN
0050305025,FORMIGUEIRO MARACUJÁ 16g,Produto em Processo,UN
0050305026,Mini Lua Cheia Ao Leite 10g,Produto em Processo,UN
0050305027,Massa de Chocolate Chocotone Sakaguchi,Produto em Processo,KG
0050305028,Massa de Chocolate Chocotone Bites Saka,Produto em Processo,KG
0050305029,Chocotone 550g,Produto em Processo,PC
0050305030,Massa de Chocolate - Sakaguchi teste INT,Produto em Processo,KG
0050305031,Massa de Chocolate - Teste Blend,Produto em Processo,PC
0050305032,Barra Recheada Maracujá 29g,Produto em Processo,PC
0050305033,Barra Recheada Cupuaçu 29g,Produto em Processo,PC
0050305034,Barra Recheada Pistache 29g,Produto em Processo,PC
0050305035,Massa Choco ao leite com Castanha Pará,Produto em Processo,KG
0050305036,Massa de Chocolate ao Leite - Reprocesso,Produto em Processo,KG
0050305037,PP Língua de Onça 5G Moju Intenso,Produto em Processo,PC
0050305038,PP L.Onça Ao Leite Zero Açúcar 11G,,PC
0050305039,PP L.Onça Intenso Zero Açúcar 11G,Produto em Processo,PC
0050305040,"PP Sibionics Choco ao Leite 3,3 g",Produto em Processo,PC
0050308011,Biscoito de castanha do Pará banhado com,Materia Prima,KG
0050308012,BISCOITO DE CASTANHA DO PARÁ COM COBERTU,Produto em Processo,KG
0050309001,Castanha do Pará banhada com chocolate,Produto em Processo,KG
0050309013,Castanha coberta com cupulate,Produto em Processo,KG
0050315004,Recheio Ao Leite Bolo de Chocolate,Produto em Processo,KG
0050315005,Face de Ovo - Chocolate ao Leite,Produto em Processo,UN
0050315006,Face de Ovo Recheada - Maracujá,Produto em Processo,UN
0050315007,Face de Ovo Recheada - Praliné de Avelã,Produto em Processo,UN
0050315008,Face de Ovo Recheada - Cupuaçu,Produto em Processo,UN
0050315009,Face Mini ovo ao Leite,Produto em Processo,PC
0050315010,Face mini Ovo castanha do Pará,Produto em Processo,PC
0050315011,Face do Ovo de 100g - Chocolate ao Leite,SubConjunto,PC
0050321001,Barra 60g Terroir da Amazonia Saka ao le,Produto em Processo,PC
0050321002,Barra 60g Terroir da Amazonia SAKA,Produto em Processo,PC
0050321003,Barra 60g Terroir da Amazonia SAKA CUPU,Produto em Processo,PC
0050302002,Amêndoa de Cacau Torrada - Sakaguchi(PA),Produto em Processo,KG
0050321021,Barra 60g Terroir da Amazonia Vale do Ja,Produto em Processo,PC
0050321022,Barra 60g Terroir da Amazonia Kunkuni,Produto em Processo,PC
0050321023,Barra 60g Terroir da Amazonia Amabela,Produto em Processo,PC
00504007,Chocolate Sakaguchi 78% cacau ( Amostra,SubConjunto,KG
00504008,Massa de Cacau - Sakaguchi (PA) - 1kg,Produto em Processo,KG
00504014,Biscoito de castanha do Pará com cupulat,Produto Acabado,KG
0060302002,Amêndoa de Cupuaçu -Torrada- AMABELA (PA,Produto em Processo,KG
0060303003,Nibs de Cupuaçu - AMABELA (PA),Produto em Processo,KG
0070305005,Massa de Chocolate - Chocolate - Yanomam,Produto em Processo,KG
0070305006,Massa de chocolate Yanomami 2025,Produto em Processo,PC
0070305007,massa de chocolate Yanomami ao leite,Produto em Processo,PC
0070305008,massa de chocolate Yanomami intenso,Produto em Processo,PC
0070305009,Massa de Chocolate - Yanomami Teste Inte,Produto em Processo,KG
0070305010,Massa de Chocolate - Yanomami Leite Test,Produto em Processo,KG
0070305011,Massa de Chocolate Intenso Yanomami 63%,Produto em Processo,PC
0070321001,Barra 60g Terroir da Amazonia YANOMAMI,Produto em Processo,PC
0060305008,Massa de Chocolate - Cupulate - AMABELA,Produto em Processo,KG
0070302002,Amêndoa de Cacau Torrada - Yanomami (RR),Produto em Processo,KG
0070303003,Nibs de Cacau - Yanomami (RR),Produto em Processo,KG
00704008,Massa de Cacau - Yanomami (RR) - 1kg,Produto em Processo,KG
0080302002,Amêndoa de Cupuaçu Torrada - Santa Bárba,Produto em Processo,KG
0080303003,Nibs de Cupuaçu - Santa Bárbara (PA),Produto em Processo,KG
0080304008,Liquor de Cupuaçu - Santa Bárbara (PA),Produto em Processo,KG
0080305004,Massa de  Cupuaçu - Santa Bárbara (PA),Produto em Processo,KG
00904008,Massa de Cupuaçu - Ashaninkas (AC) - 1kg,Produto em Processo,KG
0100304004,Liquor de Cacau - Paiter Suruí (RO),Produto em Processo,KG
0100305001,Massa Paiter Intenso Teste,Produto em Processo,KG
0100305002,Massa Paiter Ao Leite Teste,Produto em Processo,KG
0100305003,Gotas de Chocolate Paiter ao leite,SubConjunto,KG
0100305004,Gotas de Chocolate Paiter Intenso,SubConjunto,KG
0100305006,MASSA DE CHOCOLATE - PAITER SURUÍ 2025,Produto em Processo,PC
0100321001,Barra 60g Terroir da Amazonia PAITER,Produto em Processo,PC
01004007,Chocolate Paiter Surui  70% cacau ( Amos,Produto Intermediario,KG
01004008,Massa de Cacau - Paiter Suruí (RO) - 1kg,Produto em Processo,KG
0110301006,Amêndoa de Cacau Seca Aprovada -  Acará-,Materia Prima,KG
0110302002,Amêndoa de Cacau Torrada -  Acará-Açu (P,Produto em Processo,KG
0110304004,Liquor de Cacau - Acará-Açu (PA),Produto em Processo,KG
0110305006,MASSA DE CHOCOLATE- ACARÁ-AÇU (PA) 2025,Produto em Processo,PC
0110321001,Barra 60g Terroir da Amazonia ACARÁ,Produto em Processo,PC
0120303003,Nibs de Cacau - Mulheres da Floresta (PA,Produto em Processo,KG
0140101001,Amêndoa de Cacau Seca Uruará,Materia Prima,KG
0140103001,Nibs de Cacau - Uruará,Materia Prima,PC
01104008,Massa de Cacau - Acará-Açu (PA) - 1kg,Produto em Processo,KG
0140301001,Amêndoa de Cacau Seca Aprovada - Uruará,Produto em Processo,PC
0150101001,Amêndoa de Cacau Seca Medicilândia,Materia Prima,KG
0150103001,Nibs de Cacau - Medicilândia,Materia Prima,PC
0150301001,Amêndoa de Cacau Seca Apr - Medicilândia,Produto em Processo,PC
01902120370,Embalagem caixa 4 bombons P,Embalagem,PC
01902120371,luva caixa 4 bombons P,Embalagem,PC
01902120372,Embalagem UBS P 4 doces,Embalagem,PC
01902120373,Embalagem UBS G 16 doces,Embalagem,PC
01902120374,Luva embalagem UBS G 16 doces,Embalagem,PC
01902120375,Luva embalagem UBS P 4 doces,Embalagem,PC
0190213061,Tampa Berço termoformada LO,Embalagem,PC
0190213083,Fita para fechamento de celofane,Embalagem,PC
0190213095,Cesta canoa de palha,Embalagem,PC
0190213103,Flowpack ES Chocolate Lt Cupuaçu 29g,Embalagem,PC
0190213121,Caixa Correio Papelão P,Embalagem,UN
0190213126,Folder das Caixas de Bombons,Embalagem,PC
0190213134,Folder das Caixas de 14 Bombons,Embalagem,PC
0190213135,Folder das Caixas de 30 Bombons,Embalagem,PC
01902131361,Copo descartável,Material de Consumo,PC
0190213139,Folder institucional SSAL,Embalagem,PC
0190213140,Carta Júlio Ye'kwana e Davi Kopenawa,Embalagem,PC
0190213141,Foto A4 Paisagem Pico,Embalagem,PC
0190213142,Foto A4 Davi Kopenawa,Embalagem,PC
0190213143,Foto A5 Foto Indígena,Embalagem,PC
0190213144,Foto A5 Paisagem Rio,Embalagem,PC
0190213145,Foto A5 Paisagem Chuva,Embalagem,PC
0190213146,Foto Cartão Postal Indígena,Embalagem,PC
0190213147,Foto Cartão Postal Davi Kopenawa,Embalagem,PC
0190213148,Foto Cartão Postal Povo Indígena,Embalagem,PC
0190213149,Foto Cartão Postal Paisagem Pico,Embalagem,PC
0190213150,Foto Cartão Postal Paisagem Rio,Embalagem,PC
0190213151,Foto Cartão Postal Paisagem Chuva,Embalagem,PC
0190213155,Candy Pad Caixa Circular SSAL,Embalagem,PC
0190213160,Berço Ovos Marajoara Grande,Embalagem,PC
0190213161,Luva Ovos Marajoara,Embalagem,PC
0190213168,Caixa B2B 2 Bombons,Embalagem,PC
0190213170,Caixa B2B 8 Bombons,Embalagem,PC
0190213171,Berço Ovos Marajoara Pequeno,Embalagem,PC
0190213172,Tampa Caixa 14 bombons,Embalagem,PC
0200216016,Papel Chumbo Prata 26x20cm,Embalagem,PC
0200216017,Papel Celofane Laranja,Embalagem,PC
0210305005,Massa de Cupuaçu  Sakaguchi - Reprocesso,Produto em Processo,KG
02104016,Biscoito de castanha do Pará banhado com,Produto Acabado,UN
0260102001,Amêndoa torrada aprovada Moju,Produto em Processo,KG
0260303001,Nibs de Cacau Moju,Produto em Processo,KG
0260304001,Liquor de Cacau - Moju,Produto em Processo,KG
0260305001,Massa de Chocolate Intenso - Moju,Produto em Processo,KG
0260305002,Massa de Chocolate ao Leite - Moju,Produto em Processo,KG
0260305003,Gotas de Chocolate ao Leite - Moju,SubConjunto,KG
0260305004,Gotas de Chocolate Intenso - Moju,SubConjunto,PC
0260305005,Massa de Chocolate ao Leite Zero Açúcar,Produto em Processo,KG
0260305006,Massa de Chocolate Intenso Zero Açúcar,Produto em Processo,KG
0280102001,Amêndoa torrada aprovada Novo Repartimen,Produto em Processo,KG
0280303001,Nibs de Cacau Novo Repartimento,Produto em Processo,KG
0280305001,Massa de Chocolate - Novo Repartimento t,Produto em Processo,KG
0280305002,Massa de chocolate ao leite Novo Reparti,Produto em Processo,PC
0290102001,Amêndoa torrada aprovada Igarape Miri,Produto em Processo,KG
0290303001,Nibs de Cacau Igarape Miri,Produto em Processo,KG
0290305001,Massa de Chocolate - Igarape Miri teste,Produto em Processo,KG
0290305002,Massa de Chocolate ao Leite Igarape,Produto em Processo,KG
0250321001,Barra 60g Terroir da Amazonia BOM JARDIM,Produto em Processo,PC
02504002,Cascas de Cacau - Bom Jardim,Produto em Processo,KG
03203004,Massa de Cacau - Sakaguchi ao Leite (PA),Produto em Processo,KG
0320305032,Massa de Chocolate - Chocolate - Sakaguc,Produto em Processo,KG
03001002,Leite em pó integral instântaneo,Materia Prima,PC
03404004,Castanha do Pará com cobertura de cupula,Produto Acabado,KG
0400305003,Massa de Cacau NTC v2,Produto em Processo,KG
0400305004,MASSA DE CHOCOLATE - CHOCOLATE - ALTO XI,Produto em Processo,KG
0400305005,MASSA DE CHOCOLATE - CHOCOLATE - ALTO XI,Produto em Processo,KG
04004010,Campax 70,Produto Acabado,PC
0440302001,Amêndoa de Cupuaçu torrada Abaetetuba,Produto em Processo,PC
0440303001,Nibs de Cupuaçu Abaetetuba,Produto em Processo,PC
0500305001,Massa de Chocolate branco 2024,Produto em Processo,KG
0500305002,Massa de Chocolate Branco - teste 2025,Produto em Processo,KG
05004001,PI Yanomami-Ye'kwana 69% 60g,Produto Acabado,PC
05004002,PI Paiter Suruí 70% 60g,Produto Acabado,PC
05004003,MAGIO PF Sakaguchi ao Leite 41% 60g,Produto Acabado,PC
05004004,MAGIO PF Acará-Açu 75% 60g,Produto Acabado,PC
05004005,MAGIO PF Bom Jardim 63% 60g,Produto Acabado,PC
05004006,MAGIO PF Vale do Jari 65% 60g,Produto Acabado,PC
0400302001,AMÊNDOA DE CACAU TORRADA - Alto Xingu,Produto em Processo,KG
0400303001,NIBS DE CACAU - Alto Xingu,Produto em Processo,KG
04104802,Chocolate Branco com Nibs Intenso     Or,Produto Acabado,UN
0420303801,NIBS DE CACAU - Fazenda Santa Ana,Produto em Processo,KG
05004008,MAGIO PF Sakaguchi Cupulate 58% 60g,Produto Acabado,PC
05004009,MAGIO PF Xiba 81% 60g,Produto Acabado,PC
05004010,MAGIO PF Mocajuba 74% 60g,Produto Acabado,PC
05004011,MAGIO PF Kunkuni Cupulate 58% 60g,Produto Acabado,PC
05004012,MAGIO PF AMABELA Cupulate  54% 60g,Produto Acabado,PC
05004015,MAGIO Língua de Onça ao Leite Cx80g,Produto Acabado,PC
05004016,MAGIO Lg de Onça Lt Praliné Avelã Cx80g,Produto Acabado,PC
05004017,Língua de Onça Leit Praliné Flowpack 11g,Produto Acabado,PC
05004018,Línguas de onça - intenso   loja,Produto Acabado,PC
05004019,Língua de onça - ao leite  loja,Produto Acabado,PC
05004020,Língua de onça Praliné,Produto Acabado,PC
05004021,Lingua de onça Cupuaçu /cupolate,Produto Acabado,PC
05004022,Princesa Iara chocolate - 3 unidades,Produto Acabado,PC
05004024,Tesouros da amazonia  - opção com 16,Produto Acabado,PC
05004025,Tesouros da amazonia -  opção com 32,Produto Acabado,PC
05004026,Tesouros da amazonia - opção com 48,Produto Acabado,PC
05004028,Caixa Presente G,Produto Local,PC
05004029,Caixa Folha Simples a Granel | 100g,Embalagem,PC
05004031,Mistura de 300g,Produto Acabado,PC
05004043,Formigueiro Caramelo de Maracujá Cx 80g,Produto Acabado,UN
05004045,Formigueiro Praliné de Pistache Cx 80g,Produto Acabado,PC
05004047,Biscoito Cast. Pará Chocolate 60% 150g,Produto Acabado,PC
05004048,Biscoito Cast. Pará Cupulate 70% 150g,Produto Acabado,PC
05004049,Lata Mini Wafer double Chock 150 g ao le,Produto Acabado,PC
05004050,Lata Mini Wafer double Chock 150 g Cupol,Produto Acabado,PC
05004053,Mistura de 300g  Coração,Produto Acabado,PC
05004055,Mistura de 300g   Coração,Produto Acabado,PC
05004098,Trufas Nativas Cx Sortimento 60G intenso,Produto Acabado,PC
05004102,Lua Cheia Minis Chocolate ao Leite 100g,Produto Acabado,PC
05004116,Língua de Onça | Display Unitário,Produto Acabado,PC
05004131,Ovo Ao Leite com Avelã e Maracujá 590g,Produto Acabado,PC
05004134, Ovo de Choco ao Leite Praliné Pist sc,Produto Acabado,PC
05004135,Ovo Marajoara - Avelã e Maracujá 590g sc,Produto Acabado,PC
05004136,Cesta Magio 01 - Dia dos namorados,Produto Local,PC
05004137,Cesta Magio Tamanho 01,Produto Local,PC
05004138,Língua de Onça Int Praliné Flowpack 11g,Produto Acabado,PC
05004139,Língua de Onça Leite Flowpack 11g,Produto Acabado,PC
05004140,Língua de Onça Intenso Flowpack 11g,Produto Acabado,PC
05004141,Língua de Onça Cupulate Flowpack 11g,Produto Acabado,UN
05004142,Barra ES Chocolate Lt Maracujá 29g,Produto Acabado,PC
05004143,Barra ES Chocolate Lt Pistache 29g,Produto Acabado,PC
05004144,Barra ES Chocolate Lt Cupuaçu 29g,Produto Acabado,PC
05004156,Sorvete de Chocolate Mágio 100ml,Mercadoria de Revenda,PC
05004157,Sorvete de Açaí 100ml,Mercadoria de Revenda,PC
05004158,Sorvete de Cupuaçu 100ml,Mercadoria de Revenda,PC
05004159,Ovo Marajoara - Recheio de Maracujá 420g,Produto Acabado,PC
05004160,Ovo Marajoara - Praliné de Avelã 420g,Produto Acabado,PC
05004161,Ovo Marajoara - Recheio de Cupuaçu 420g,Produto Acabado,PC
05004162,Ovo - Recheio de Maracujá 420g,Produto Acabado,PC
05004163,Ovo - Praliné de Avelã 420g,Produto Acabado,PC
05004164,Ovo - Recheio de Cupuaçu 420g,Produto Acabado,PC
05004165,Trio de Mini Ovos 75g,Produto Acabado,PC
05004166,Ovo de Páscoa Chocolate Ao Leite 100g,Produto Acabado,PC
05004167,Lingua de Onça Choco ao Leite 11g WTC,Produto Acabado,PC
05004168,Caixa Amor Amazônico A,Produto Acabado,PC
05004169,Caixa Amor Amazônico B,Produto Acabado,PC
05004170,Caixa Amor Amazônico C,Produto Acabado,PC
05004171,Barra Inclusões I 200g,Produto Acabado,PC
05004172,Barra Inclusões II 200g,Produto Acabado,PC
05004173,Barra Inclusões III 200g,Produto Acabado,PC
05004174,Caixa Jornada das Comunidades,Produto Acabado,PC
05004175,MAGIO Lg de Onça Ao Leite Zero Cx76g,Produto Acabado,PC
05004176,MAGIO Lg de Onça Intenso Zero Cx76g,Produto Acabado,PC
05004178,MAGIO PF Xiba 63% 60g,,PC
05004179,LO Ao Leite Flowpack Zero Açucar 11g,,PC
05004180,LO Intenso Flowpack Zero Açucar 11g,Produto Acabado,PC
05004181,Sibionics Chocolate Ao Leite Flowpack,Produto Acabado,PC
05004300,Selecao Degustacao Magio 1,Produto Local,PC
05004077,Balaio Ribeirinhos cx12un sort fix 72g 1,Produto Acabado,PC
05004079,Papai Noel - 130g,Produto Acabado,PC
05004081,Casa do Papai Noel - 180g,Produto Acabado,PC
05004082,Calendario do Advento,Produto Acabado,PC
0430303001,NIBS DE CACAU - Takahashi,Produto em Processo,KG
05004148,Caixa de Bombons M (14 bombons),Produto Acabado,PC
05004149,Caixa de Bombons G (30 bombons),Produto Acabado,PC
05104006,Bombom Toco Branco Praliné 10g,Produto Acabado,PC
05104064,Língua de Onça Cupulate 5g,Produto Acabado,PC
05104071,Bombom Bom Jardim Intenso 10g,Produto Acabado,PC
05104072,Bombom Surpresa da Floresta Cupulate 10g,Produto Acabado,PC
05104077,Biscoito Puxuri Chocolate - Unitário,Produto Acabado,UN
05104078,Língua de Onça ao leite 11g - CAFETERIA,Produto Local,PC
05104079,Biscoito Puxuri Cupulate - unitário,Produto Acabado,PC
05104080,Barra Recheada Pistache Granel 80g,Produto Acabado,PC
05104081,Barra Recheada Maracujá Granel 80g,Produto Acabado,PC
05104082,Barra Recheada Avelã Granel 80g,Produto Acabado,PC
05104083,Barra Recheada Int Avelã Granel 80g,Produto Acabado,PC
05104084,Barra Vale do Jari Granel 60g,Produto em Processo,PC
05104085,Barra Kunkuni Granel 60g,Produto Acabado,PC
05104086,Barra Xiba Granel 60g,Produto Acabado,PC
05104087,Barra Sakaguchi Lt Granel 60g,Produto Acabado,PC
05104088,Barra Sakaguchi 78% Granel 60g,Produto Acabado,PC
05104089,Barra Bom Jardim Granel 60g,Produto Acabado,PC
05104090,Barra Sakaguchi Cupu Granel 60g,Produto Acabado,PC
05104091,Barra Mocajuba Granel 60g,Produto Acabado,PC
05104092,Barra Acará-Açu Granel 60g,Produto Acabado,PC
05104093,Barra Amabela Cupu Granel 60g,Produto Acabado,PC
05104094,Barra Paiter Suruí Granel 60g,Produto Acabado,PC
05104095,Barra Yanomami Granel 60g,Produto Acabado,PC
05104096,Bombom SF Castanha-do-Pará 10g,Produto Acabado,PC
05104097,Bombom SSAL Choc Lt praliné de avelã 9g,Produto em Processo,PC
05104098,Bombom SSAL Choc Lt Doce Cupu 10 g,Produto em Processo,PC
05104099,Bombom SSAL Choc Lt Castanha do Pará 8g,Produto em Processo,UN
05104100,Bombom SSAL Chocolate ao leite 26g,Produto em Processo,UN
05104101,Bombom SSAL Choc Branco Nibs 8g,Produto em Processo,UN
05104102,Bombom SSAL Choc Int Praliné Avelã 9g,Produto em Processo,PC
05104103,Bombom SSAL Choc Int Ganache Int 9g,Produto em Processo,UN
05104104,Bombom SSAL Choc Int Taperebá 10g,Produto em Processo,UN
05104105,Bombom SSAL Chocolate Intenso 4g,Produto em Processo,UN
05104106,Bombom SSAL Choc Int Taperebá 11g,Produto em Processo,UN
05104107,Bombom SSAL Choc Lt Doce Cupu 11 g,Produto em Processo,PC
05104108,Placa SSAL 1/8 Choco Lt Yanomami 47g,Produto em Processo,PC
05104109,Bombom NM Mini Lua Cheia ao Leite 10g,Produto em Processo,PC
05104110,Bombom NM Choc Lt Praliné de Avelã 9g,Produto em Processo,PC
05104111,Bombom NM Choc Int Praliné de Avelã 9g,Produto em Processo,PC
05104112,Bombom NM Choc Int Ganache Int 11g,Produto em Processo,PC
05104113,Bombom NM Chocolate ao Leite 11g,Produto em Processo,PC
05104114,Bombom NM Chocolate Leite Pistache 10g,Produto em Processo,PC
05104115,Bombom NM Choc Lt  Doce de Cupuaçu 10g,Produto em Processo,PC
05104116,Bombom NM Chocolate Intenso Taperebá 10g,Produto em Processo,PC
05104117,Bombom NM Chocolate LT Maracujá 9g,Produto em Processo,PC
05104118,Bombom NM Choc Lt Castanha do Pará 8g,Produto em Processo,PC
05104119,Bombom Mini Lua Cheia Choco ao Leite 10g,Produto Acabado,PC
05104120,Bombom Mini Lua Cheia Choco Intenso 10g,Produto Acabado,PC
05104121,Poltrona Ilustre,Produto Acabado,PC
05104122,Teste Industrial,Produto Acabado,PC
05104123,Língua de Onça Moju Intenso 5G,Produto Acabado,PC
05104124,Gotas de Moju ao leite 350g,Produto Acabado,PC
05104125,Gotas de Moju Intenso 350g,Produto Acabado,PC
05104126,Gotas de Paiter ao Leite 350g,Produto Acabado,PC
05104127,Gotas de Paiter Intenso 350g,Produto Acabado,PC
05104128,Língua de Onça ao Leite Zero Açúcar 11g,Produto Acabado,PC
05104129,Língua de Onça Intenso Zero Açúcar 11g,Produto Acabado,PC
05104130,"Gotas de Moju ao Leite 5,7Kgs",Produto Acabado,KG
05104131,Gotas de Moju Intenso 5Kgs,Produto Acabado,KG
05304001,Suco de Maracuja 300ml,Produto Local,UN
05304002,Suco de Cupuacu 300ml,Produto Local,UN
05304003,Suco de Acaí 300ml,Produto Local,UN
05304005,Cafe Expresso,Produto Local,UN
05304006,Cafe Expresso com Leite Pequeno,Produto Local,UN
05304007,Macchiato,Produto Local,UN
05304008,Cappuccino Lingua de Onca Pequeno,Produto Local,UN
05304009,Cappuccino Língua de Onça,Produto Local,UN
05304010,Cafe Carioca,Produto Local,UN
05304011,Latte Gelado,Produto Local,UN
05304012,Cafe Canela,Produto Local,UN
05304014,Chocolate Quente P,Produto Local,UN
05304017,Suco de Acerola 300ml,Produto Local,PC
05304018,Suco de Abacaxi c hortela 300ml,Produto Local,PC
05304025,Chocolate Quente G,Produto Local,PC
05304027,Cafe Expresso Cápsula,Produto Local,PC
05304028,Cafe Expresso Duplo Cápsula,Produto Local,PC
05304029,X-Caboquinho,Produto Local,UN
05304030,Cafe Coado Pequeno,Produto Local,PC
05304031,Cafe Coado Grande,Produto Local,PC
05304032,Suco de Morango 300ml,Produto Local,PC
05304033,Suco Cajá/Tapereba 300ml,Produto Local,UN
05304034,Suco Frutas Vermelhas 300ml,Produto Local,UN
05304035,Suco Limão 300ml,Produto Local,UN
05304036,Suco de Coco 300ml,Produto Local,UN
05304037,Chá de Cacau,Produto Local,PC
05304038,Combo Magia do Cacau,Produto Local,PC
05304039,Combo Formigueiro,Produto Local,PC
05304040,Combo Essência da Amazônia,Produto Local,PC
05304041,Combo Cremosos da Selva,Produto Local,PC
05304042,Combo Encanto da Floresta,Produto Local,PC
05304043,Fatia de Bolo de Chocolate,Produto Local,UN
05304044,Café Expresso Duplo,Produto Local,PC
05304045,Resgate Rastreabilidade,Produto Local,PC
05004150,Caixa para 4 bombons,Produto Local,PC
05004151,Caixa Simples SSAL 216g,Produto Acabado,PC
05004152,CAIXA Dupla SSAL 231g,Produto Acabado,PC
05004153,CAIXA Tripla SSAL,Produto Acabado,PC
05004154,CAIXA Circular SSAL,Produto Acabado,PC
05104027,Língua de Onça Chocolate Intenso 11g,Produto Acabado,PC
05104028,Língua de Onça Cupulate 11g,Produto Acabado,PC
05104036,Bombom SF Açaí 10g,Produto Acabado,PC
05104039,Bombom SF Ganache de Taperebá Int 10g,Produto Acabado,PC
05400004,Coca-Cola Zero Lata 350ml,Mercadoria de Revenda,PC
05400005,Guarana Antartica Tradicional Lata 350ml,Mercadoria de Revenda,PC
05400006,Guarana Antartica Zero Lata 350ml,Mercadoria de Revenda,PC
05400007,Fanta Laranja Lata 350ml,Mercadoria de Revenda,PC
0990102001,Amêndoa de Cacau Torrada Terceiros,Produto em Processo,PC
0990103001,Nibs de Cacau Terceiros,Produto em Processo,PC
0990866004,Conchadeira Conca 100,Ativo Imobilizado,UN
0990866005,ONE SHOT OSD 0 (OSD0007A51),Ativo Imobilizado,UN
0990866006,TEMPERING MACHINE SL 50,Ativo Imobilizado,UN
0990866007,TILTING BELT 250 FOR SL50 Cobrideira,Ativo Imobilizado,UN
0990866008,MA1004 - PRALINA WAVE 2 POLYCARBONATE MO,Ativo Imobilizado,UN
0990866009,MA1006 - PRALINA WAVE 4 POLYCARBONATE MO,Ativo Imobilizado,UN
0990866010,MA1008 - PRALINE PRISMA SQUARE POLYCARB.,Ativo Imobilizado,UN
0990866011,MA1010 - PRALINE OCTAGONAL PRISMA POLYCA,Ativo Imobilizado,UN
0990866012,MA1014 - TWIST PRALINE POLYCARBONATE MOU,Ativo Imobilizado,UN
0990866013,MA1018 - PRALINE COCOA POLYCARBONATE MOU,Ativo Imobilizado,UN
0990866014,MA1021 - SWEET1 PRALINE POLYCARBONATE MO,Ativo Imobilizado,UN
0990866015,MA1041 - PRALINE PAVILION POLYCARBONATE,Ativo Imobilizado,UN
0990866016,MA1046 - PRALINE 37X31 H 16 MM POLYCARB.,Ativo Imobilizado,UN
0990866017,MA1049 - PRALINE OBLIO POLYCARBONATE MOU,Ativo Imobilizado,UN
0990866018,MA1530 - PRALINE D. 26 H 19 MM POLYCARB.,Ativo Imobilizado,UN
0990866019,MA1625 - PRALINE 33X18 H. 15 MM POLYCARB,Ativo Imobilizado,UN
0990866020,MA1966 - PRALINE 25X25 H. 15 MM POLYCARB,Ativo Imobilizado,UN
0990866021,MA1977 - *RECTANGULAR POLYC MOULD,Ativo Imobilizado,UN
0990866022,MA1984 - PRALINE STAR POLYCARBONATE MOUL,Ativo Imobilizado,UN
0990866023,MA2015 - BAR EXAGON 100 GR POLYCARBONATE,Ativo Imobilizado,UN
0990866024,MA2022 - BAR MIRROR POLYCARBONATE MOULD,Ativo Imobilizado,UN
0990866025,MA2017 - BAR LOVE 100 GR POLYCARBONATE M,Ativo Imobilizado,UN
0990866026,MA1924 - SNACK MODERN BON POLYCARBONATE,Ativo Imobilizado,UN
0990866027,MA1915 - SNACK 123X27 H 12MM POLYCARBONA,Ativo Imobilizado,UN
0990866028,MA4012 - PRALINE DOUBLE HEARTS POLYCARB.,Ativo Imobilizado,UN
0990866029,MA1019 - PRALINE 25X25 H 23 MM POLYC. MO,Ativo Imobilizado,UN
05104004,Lua Cheia Chocolate Branco 20g,Produto Acabado,PC
0990866001,MILL MOD. GRINDER ROLLER CRUSHERS AND PI,Ativo Imobilizado,UN
0990866002,BALL REFINER MOD. MICRON 25,Ativo Imobilizado,UN
0990866003,VIBRO FOR SIFING BY A VIBRATION,Ativo Imobilizado,UN
0990866060,Balança de precisão,Ativo Imobilizado,UNI
0990866079,21MA1521 - FORMA JOIA,Ativo Imobilizado,PC
0990866080,MA1303 - FORMA QUADRADO,Ativo Imobilizado,PC
0990866081,21MA1057 - FORMA HOPE,Ativo Imobilizado,PC
0990866082,MA1052 - FORMA DUNA,Ativo Imobilizado,PC
0990866083,MA1051 - FORMA FLUIDO,Ativo Imobilizado,PC
0990866084,MA1925 - FORMA GEOMÉTRICO,Ativo Imobilizado,PC
0990866085,MA1011 - FORMA GOTA,Ativo Imobilizado,PC
0990866086,MA1012 - FORMA FLORECER,Ativo Imobilizado,PC
0990866087,MA1070 - FORMA AURORA,Ativo Imobilizado,PC
0990866088,MA1042 - FORMA VAULT,Ativo Imobilizado,PC
0990866089,MA1066 - FORMA QUARTO DE CIRCULO,Ativo Imobilizado,PC
0990866090,MA1915 - FORMA PIRAMIDE,Ativo Imobilizado,PC
0990866091,MADEM1 - FORMA LINGUA DE GATO PERSONALIZ,Ativo Imobilizado,PC
0990866071,Porta Cozinha Quente,Ativo Imobilizado,PC
0990866106,Aspirador de Pó,Ativo Imobilizado,PC
0990866107,Moedor de Café Elétrico Cadense,Ativo Imobilizado,PC
0991015001,Tênis Olympikus Jogging 100,Material de Consumo,PC
1030,TERMOMETRO LASER DIGITAL,Material de Consumo,PC
456,Serviço de Reforma,Serviços,PC
491,Serviços Laboratoriais,Serviços,PC
537,Serviços de Transporte,Serviços,PC
588,Serviços de Manutenção,Serviços,PC
592,Serviços de Marketing,Serviços,PC
660,Bowls,Ativo Imobilizado,PC
794,FMAGIC TEMPER MT-33 KMini temperadeira,,UN
899,Coifa de cozinha,Material de Consumo,PC
9100121000,Mini temperadeira Modelo: MT-3K N,Ativo Imobilizado,PC
973,Estante plastica com 5 prateleiras,Material de Consumo,PC
9990111011,Frutas Tropicais,Materia Prima,KG
9990111012,Frutas Vermelhas,Materia Prima,KG
9990111016,Polpa cereja,Materia Prima,KG
9990111017,Doce de leite,Materia Prima,KG
9990111019,Estabilizante  Goma Guar,Materia Prima,KG
9990111024,Creme de café,Produto em Processo,KG
9990111022,Pasta de Pistache,Materia Prima,KG
9990111052,Solução Alcoólica Neutra Decoração,Materia Prima,LT
9990111057,Cápsula de Café Expresso,Materia Prima,UN
9990111071,Óleo de Soja,Materia Prima,PC
9990111075,Mini Cone de Sorvete,Materia Prima,UN
9990115003,Filme termo encolhivel,Embalagem,M
9990115004,Máscara PFF2,Material de Consumo,PC
9990115802,Leite condensado,Materia Prima,PC
9990307008,Pomada de manteiga de cacau,Produto em Processo,PC
9990311000,Caramelo,Produto em Processo,KG
9990311003,Recheio Yara Pistache,Produto em Processo,KG
9990311009,Recheio Yara Maracujá,Produto em Processo,KG
9990311010,Gianduia,Materia Prima,KG
9990311013,Ganache de Taperebá,Produto em Processo,KG
9990311020,Ganache Açaí,Produto em Processo,KG
9990311028,Ganache de Café,Produto em Processo,KG
9990311029,Ganache de Coco,Produto em Processo,KG
9990311031,Praliné Pistache colagem,Produto em Processo,KG
9990311032,Recheio Yara Praliné,Produto em Processo,KG
9990311036,Ganache Cupuaçu,Produto em Processo,KG
9990311038,Recheio Caramelo Maracujá,Produto em Processo,KG
9990311040,Colagem praliné para lua cheia,Produto em Processo,PC
9990311041,Ganache maracujá,Produto em Processo,PC
9990311042,Recheio Doce de Cupuaçu,Produto em Processo,KG
9990311043,Praliné de Avelã,Produto em Processo,PC
9990311044,Praliné de castanhas - Bolo de chocolate,Produto em Processo,KG
9990311045,Calda Bolo de Chocolate,Produto em Processo,KG
9990315022,Massa de trufa Intenso,Produto em Processo,KG
9990315024,Massa de trufa de Pistache,Produto em Processo,KG
9990315025,Polpa de Maracujá Reduzida,Produto em Processo,KG
9990315026,Polpa de Cupuaçu Reduzida,Produto em Processo,PC
9990315027,Polpa de Tapereba Reduzida,Produto em Processo,PC
9990315028,Polpa de Açaí Reduzida,Produto em Processo,PC
9990451007,Máquina Casquinhas de Sorvete,Ativo Imobilizado,PC
999070321,Bandeja de Bambu,Material de Consumo,PC
9990712061,Cinta Personalizada,Mercadoria de Revenda,PC
AF359,Toldo retratil 5x2m,Ativo Imobilizado,PC
ANDURA.MOLA.20,MELANGER ANDURA COM ACIONAMENTO POR MOLA,,1
CI1000,Melanger 220v,Ativo Imobilizado,UN
COMPICMS,COMPLEMENTO DE ICMS,,PC
MODNibs,Mao de Obra Nibs,SubConjunto,KG
SERV,Serviços Gerais,Serviços,PC
AT999999,ATIVO FIXO,Ativo Imobilizado,PC
AF361,Bombona 200L,Ativo Imobilizado,PC
999999999999999,Produto ignorado no Recebimento,,
9990712057,Bobina Papel Etiqueta Validade,Embalagem,PC
999011183,Mini Marshmallow,Materia Prima,KG
9990111048,Café organico em graos,Materia Prima,KG
361,Bombona 50L,Ativo Imobilizado,PC
1096,Farinha Criscito,Materia Prima,KG
0991015006,Sapato Soft Works BB65,Material de Consumo,PC
0990866070,Computador Ibira,Ativo Imobilizado,PC
0990866052,Saco de Confeitar,Material de Consumo,PC
05400001,Agua sem Gas em Lata 310ml,Mercadoria de Revenda,UN
05400002,agua com Gas em Lata 310ml,Mercadoria de Revenda,UN
0190213113,Balde com tampa 5KG,Embalagem,UND
0190213051,Caixa Base  LO 80g,Embalagem,PC
0190213052,Luva LO 80GR ao leite com Praliné,Embalagem,PC
0190213053,Luva LO 80GR Intenso com Praliné,Embalagem,PC
0190213054,Luva LO 80GR ao leite,Embalagem,PC
0010301006,Amêndoa de Cacau Seca Aprovada - Xiba,Materia Prima,KG
0010304004,Liquor de Cacau - Xiba,Produto em Processo,KG
05004155,Prato de Cerâmica Marajoara,Mercadoria de Revenda,PC
0430102001,Amêndoa de cacau seca aprovada Takahashi,Materia Prima,KG
9990107001,MANTEIGA DE CACAU desodorizada,Materia Prima,KG
03001001,Leite em Pó integral,Materia Prima,KG
0140106004,Açúcar Demerara,Materia Prima,KG
00701001,Amêndoa de Cacau - Yanomami (RR),Materia Prima,
0070301006,Amêndoa de Cacau Seca Aprovada - Yanomam,Materia Prima,KG
0190213060,Berço termoformado LO,Embalagem,PC
0050301007,Amêndoa de Cacau Seca Aprovada - Sakaguc,Materia Prima,KG
0050108008,Biscoito de castanha do Pará,Materia Prima,KG
02101001,Cupuacu Sakaguchi (PA),Materia Prima,KG
0210101001,Amêndoa de Cupuaçu - Sakaguchi (PA),Materia Prima,KG
0200216011,"Papel Chumbo - Cromus - 43,5cm x 59cm",Embalagem,UN
0990866050,MESA VIBRATÓRIA VIBO 220V MONOFÁSICO.,Ativo Imobilizado,PC
0990866051,MESA VIBRATÓRIA DIAMOND 50,Ativo Imobilizado,PC
0400101001,AMÊNDOA DE CACAU SECA APROVADA - Alto Xi,Materia Prima,KG
0410305001,MASSA DE CHOCOLATE BRANCO ALTAMIRA,Produto em Processo,KG
02504009,Bom Jardim - Chocolate 63% Cacau - 50g,Produto Acabado,UN
0210303001,Nibs de Cupuaçu - Sakaguchi,Produto em Processo,KG
0210305004,Massa  de Cupuaçu - Sakaguchi,Produto em Processo,KG
0250303003,Nibs de Cacau - Bom Jardim,Produto em Processo,KG
02104013,Sakaguchi Cupulate 50g,Produto Acabado,UN
0440101001,amendoas de cupuaçu cru,Materia Prima,KG
00404009,Vale do Jarí - Chocolate 65% Cacau - 50g,Produto Acabado,UN
00204009,Mocajuba - Chocolate 74% Cacau - 50g,Produto Acabado,UN
0050308014,Biscoito 150 gr com choco,Produto em Processo,PC
0050308015,Biscoito 150 gr com Cupu,Produto em Processo,PC
00504020,Chocolates Sortidos 1,Produto Acabado,UN
00504021,Chocolates Sortidos 2,Produto Acabado,UN
00504022,Chocolates Sortidos 3,Produto Acabado,UN
00604010,AMABELA - Cupulate 65% Cupuaçu - 50g,Produto Acabado,UN
00704009,Yanomami-Ye&apos;kwana - Chocolate 69% C,Produto Acabado,UN
00804010,Kunkuni - Cupulate 70% Cupuaçi - 50g,Produto Acabado,UN
00504009,Sakaguchi - Chocolate 78% Cacau - 50g,Produto Acabado,UN
0050303004,NIBS DE CACAU - SAKAGUCHI NT 120-35,Produto em Processo,KG
0050303010,LIQUOR DE CUPUAÇU -SAKAGUCHI,Produto em Processo,KG
0050304005,LIQUOR DE CACAU - SAKAGUCHI  NT24,Produto em Processo,KG
0050305006,MASSA DE CHOCOLATE -AO LEITE   NF24,Produto em Processo,KG
01104009,Acará-Açu - Chocolate 75% Cacau 50g,Produto Acabado,UN
01004009,Paiter Suruí - Chocolate 70% Cacau - 50g,Produto Acabado,UND
0110109014,Castanha do Pará - Acará-Açu (PA),Materia Prima,KG
9990111000,Agua Mineral sem gás,Materia Prima,LT
9990307007,Manteiga de Cupuaçu,Materia Prima,KG
01104007,Chocolate Acará-Açu 75% cacau ( Amostra,Produto Intermediario,KG
00704007,Chocolate Yanomami 69% cacau ( Amostra ),Produto Intermediario,KG
03204007,Chocolate Sakaguchi ao Leite 47% cacau (,SubConjunto,KG
CONJ50X50,SEL.CONJ.50CMX50CM - 220V JR SELADORAS,,PC
01201001,Amêndoa de Cacau - Mulheres da Floresta,Materia Prima,KG
9990111001,Flor de Sal,Materia Prima,KG
00601002,Amêndoa de Cupuaçu - AMABELA (PA),Materia Prima,
99907003,Certificado CO2 Digital,Serviços,UN
999,Micro Batch Set para Premier Tilting,Material de Consumo,PC
1049,Micro Batch Set para Premier Tilting,Material de Consumo,PC
880,Amendoa de cacau crua,Materia Prima,KG
0100301006,Amêndoa de Cacau Seca Aprovada - Paiter,Materia Prima,KG
9990115001,SAQUINHO BIODEGRADAVEL COMPOSTAVEL,Embalagem,KG
0190213056,Envelope plastico transparente,Embalagem,PC
0040301006,Amêndoa de Cacau Seca Aprovada - Vale do,Materia Prima,KG
Exp9801,CACAU BRUTO INTEIRO,,TON
0990866063,Refrigeradores Ibirapuera,Ativo Imobilizado,PC
00504011,Biscoito de castanha do Pará com chocola,Produto Acabado,UN
00504012,Biscoito de castanha do Pará com chocola,Produto Acabado,UN
03404002,Castanha do Pará com cobertura de chocol,Produto Acabado,UN
02104015,Biscoito de castanha do Pará banhado com,Produto Acabado,UN
0190213057,Embalagem – mod. Envelope p/ barra,Embalagem,PC
0190213050,Embalagem Campax 70,Embalagem,PC
0190213062,Caixa Biscoitos Fundo choco,Embalagem,PC
0190213063,Caixa Biscoitos luva choco,Embalagem,PC
0190213069,Caixa PI Yanomami-Ye’Kwana,Embalagem,PC
0190213070,Caixa PI Paiter Suruí,Embalagem,PC
0190213072,Caixa formigueiro Maracuja,Embalagem,PC
0190213073,Caixa folha com divisória,Embalagem,PC
0190213074,Caixa Biscoitos Fundo cupu,Embalagem,PC
0190213075,Caixa Biscoitos luva cupu,Embalagem,PC
0190213124,Forminha para Bombons Caixas,Embalagem,PC
0190213125,Tampa Caixa 30 bombons,Embalagem,PC
0190213130,Berço Base Caixa 14 Bombons,Embalagem,PC
0190213131,Caixa SSAL SIMPLES,Embalagem,PC
0190213132,Envelope SSAL,Embalagem,PC
0190213133,Berço interno caixa 14 bombons,Embalagem,PC
0190213116,Fundo Caixa 14 bombons,Embalagem,PC
0190213117,Caixa 30 bombons,Embalagem,PC
0190213105,Sacolas de papel tamanho P (24A x 16L),Embalagem,UN
0190213106,Sacolas de papel tamanho M (32A x 23L),Embalagem,UN
0190213107,Caixa mini Lua Cheia ao Leite 100g,Embalagem,PC
0190213111,Caixa Panettone com gotas de chocolate,Embalagem,UN
0190213112,Caixa Chocotone bites,Embalagem,UN
0190213157,Caixa Trio Mini Ovos,Embalagem,PC
0190213158,Berço Trio Mini Ovos,Embalagem,PC
9990712045,Etiqueta Lacre 2 - Adesivo transparente,Embalagem,PC
9990712046,Etiqueta Lacre 1  - Adesivo com hot stam,Embalagem,PC
0280101001,Amêndoa de Cacau Seca Aprovada- Novo Re,Materia Prima,KG
0400304001,LIQUOR DE CACAU - ALTO XINGU,Produto em Processo,KG
0100305005,Massa de Chocolate - Chocolate - Paiter,Produto em Processo,KG
0110305005,Massa de Chocolate - Chocolate - Acará-A,Produto em Processo,KG
0110303003,Nibs de Cacau - Acará-Açu (PA),Produto em Processo,KG
0050305005,Massa de Chocolate - Chocolate - Sakaguc,Produto em Processo,KG
0050304004,Liquor de Cacau - Sakaguchi (PA),Produto em Processo,KG
0050302010,Amêndoa de Cupuaçu Torrada - SAKAGUCHI,Produto em Processo,KG
0050303003,Nibs de Cacau - Sakaguchi(PA),Produto em Processo,KG
0100302002,Amêndoa de Cacau Torrada - Paiter Suruí,Produto em Processo,KG
0100303003,Nibs de Cacau - Paiter Suruí (RO),Produto em Processo,KG
0070304004,Liquor de Cacau - Yanomami (RR),Produto em Processo,KG
0060405008,Massa de Cupuaçu - AMABELA (PA),Produto em Processo,KG
0050305009,Massa de Chocolate - Chocolate 60% - Sak,Produto em Processo,KG
0060304004,Liquor de Cupuaçu - AMABELA (PA),Produto em Processo,KG
0020303003,Nibs de Cacau - Mocajuba (PA),Produto em Processo,KG
0050111002,Aromatizante Puxuri,Materia Prima,KG
0040304005,Liquor de Cacau - Vale do Jarí (PA/AP),Produto em Processo,KG
0010303003,Nibs de Cacau - Xiba,Produto em Processo,KG
9990111046,Água com Gás - Acquamix,Materia Prima,LT
9990111021,DEXTROSE,Materia Prima,KG
9990111023,Sorbitol em Pó,Materia Prima,KG
9990111042,Xerem de Castanha de Caju,Materia Prima,KG
9990117001,Cacau em Pó Yanomami,Materia Prima,KG
9990311037,Ganache limão,Produto em Processo,PC
9990311033,Castanha caramelizada,Produto em Processo,KG
9990311030,Praliné de Avelã colagem,Produto em Processo,KG
9990311025,Ganache Chocolate intenso,Produto em Processo,KG
9990311027,Ganache Framboesa,Produto em Processo,KG
9990311004,Praliné Pistache,Produto em Processo,KG
05104005,Lua Cheia Chocolate Intenso 20g,Produto Acabado,PC
9990111002,Glucose em pó,Materia Prima,KG
9990107003,Manteiga de Cacau Yanomami,Materia Prima,KG
9990111025,Polpa de Coco,Materia Prima,KG
9990111026,Sal,Materia Prima,KG
9990111027,Pectina,Materia Prima,KG
9990111028,Coco Ralado,Materia Prima,KG
9990111029,Manga Desidratada,Materia Prima,KG
9990111030,Coco em lasca,Materia Prima,KG
9990111031,Amêndoa,Materia Prima,KG
9990111032,Damasco desidratado,Materia Prima,KG
9990111033,Goiaba desidratada,Materia Prima,KG
9990111034,Cranberry desidratada,Materia Prima,PC
9990111035,Semente de abóbora,Materia Prima,KG
9990111036,Tâmara seca,Materia Prima,KG
9990111037,Uva Passa branca seca,Materia Prima,KG
9990111038,Speculoos,Materia Prima,KG
9990111040,Banana seca,Materia Prima,KG
9990111018,Polpa de Framboesa,Materia Prima,KG
9990111013,Polpa Cupuaçu,Materia Prima,KG
9990111015,Polpa Maracujá,Materia Prima,KG
9990111004,Baunilha em Fava,Materia Prima,KG
9990111005,Lecitina de Soja,Materia Prima,KG
9990111007,Clara em Pó,Materia Prima,KG
9990111008,Xarope de glucose,Materia Prima,KG
9990111009,Gelatina incolor,Materia Prima,KG
9990111010,Pistache,Materia Prima,KG
0050305008,MASSA DE CHOCOLATE -INTENSO NF24,Produto em Processo,KG
0050321024,Barra 80 GR  Caram de Maracujá+praliné,Produto em Processo,PC
0050321011,Barras com recheios - 80g   Pistache,Produto em Processo,UN
0050321013,Barras com recheios - 80g  com praliné,Produto em Processo,UN
0050321014,Barras com recheios - 80g   amargo 70% c,Produto em Processo,PC
0140106804,Açúcar invertido,Materia Prima,KG
0140106805,Açúcar refinado,Materia Prima,KG
0250304004,Liquor de Cacau - Bom Jardim,Produto em Processo,KG
05004097,Barra ES Leite com Avelã e Maracujá 80g,Produto Acabado,PC
05104007,Bombom Intenso Praliné 10g,Produto Acabado,PC
05104008,Bombom ao Leite Praliné 10g,Produto Acabado,PC
05104011,Bombom SF Leite Ganache de Framboesa 10g,Produto Acabado,PC
05104012,Bombom SF Leite Praliné de Pistache 10g,Produto Acabado,PC
05104014,Bombom SF Leite Ganache de Café 10g,Produto Acabado,UN
05104016,"Bombom SF Leite Ganache de Maracujá 7,7g",Produto Acabado,PC
05104017,Bombom SF Leite Ganache de Coco 10g,Produto Acabado,PC
05104018,"Bombom SF Leite Ganache de Cupuaçu 7,7g",Produto Acabado,PC
05104019,Trufas Nativas de Chocolate Branco 15g,Produto Acabado,PC
05104020,Trufas Nativas de Chocolate Intenso  20G,Produto Acabado,PC
05104022,Trufas Nativas Pistache 20g,Produto Acabado,PC
05104025,Formigueiro Praliné de Avelã 16g,Produto Acabado,PC
05104026,Língua de Onça Chocolate ao Leite 11g,Produto Acabado,PC
05104003,Lua Cheia Chocolate Ao Leite 20g,Produto Acabado,PC
05004056,Barra ES Leite Praliné de Pistache 80g,Produto Acabado,PC
05004057,Barra ES ao Leite Praliné de Avelã 80g,Produto Acabado,PC
05004058,Barra ES Intenso Praliné de Avelã 80g,Produto Acabado,PC
05104029,Língua de Onça Leite Praliné 11g,Produto Acabado,PC
05104032,Formigueiro Praliné de Pistache 16g,Produto Acabado,PC
05104033,Formigueiro Caramelo de Maracujá 16g,Produto Acabado,PC
05104035,Bombom SF Leite Ganache de Limão 10g,Produto Acabado,PC
05104056,Língua de Onça Intenso Praliné 11g,Produto Acabado,PC
05104058,Bombom SF Maracujá Intenso 10G,Produto Acabado,PC
05104059,Bombom SF Doce de Cupuaçu 10g,Produto Acabado,PC
05104060,Língua de Onça Chocolate ao Leite 5g,Produto Acabado,PC
05104061,Língua de Onça Leite Praliné 5g,Produto Acabado,PC
05104062,Língua de Onça Chocolate Intenso 5g,Produto Acabado,PC
05104063,Língua de Onça Intenso Praliné 5g,Produto Acabado,PC
AF342,Bancada Aco Inox Medidas 650mm x 1150mm,Ativo Imobilizado,PC
9990111047,Leite integral,Materia Prima,LT
9990111049,Polpa de Abacaxi com Hortelã,Materia Prima,KG
9990111050,Polpa de Acerola,Materia Prima,KG
9990111045,Polpa de Açaí,Materia Prima,KG
9990111055,Polpa Caja/Tapereba,Materia Prima,KG
9990111041,Polpa Limão,Materia Prima,KG
1064,Forma de bolo reta 23x5,Material de Consumo,PC
0500415,Caixa com berço 38x38x4,Embalagem,PC
0190213156,Blister Para 3 Ovos 50g,Embalagem,PC
9990111003,Creme de Leite UHT 25%,Materia Prima,KG
9990111044,Farinha de Maracujá,Materia Prima,PC
0190213066,Berço para caixa 18x12x4cm M,Embalagem,PC
0190213100,Caixa cartonada rígida 24x18x5 azul G,Embalagem,PC
0190213088,Caixa cartonada rígida  18x12x4 azul M,Embalagem,PC
0190213089,Caixa cartonada rígida 18x12x4 Marfim M,Embalagem,PC
05004027,Caixa Presente M,Produto Local,PC
0140106801,AÇÚCAR CRISTAL orgânico,Materia Prima,KG
00801014,Laranja,Materia Prima,KG
00801015,Vinho,Materia Prima,LT
999011106,Farinha de trigo com fermento,Materia Prima,PC
9990111061,Queijo coalho,Materia Prima,KG
9990111063,Banana Da Terra,Materia Prima,KG
9990111073,Castanha de Caju,Materia Prima,KG
9990111074,Ovo de Galinha,Materia Prima,UN
9990111068,Farinha de Trigo,Materia Prima,KG
IMPMAD01,MADEM1 - FORMA PARA MOLDAR LINGUA DE GAT,,UN
IMPMAD02,MADEM2 - FORMA PARA MOLDAR LINGUA DE GAT,,UN
IMPMAD03,MADEM3 - FORMA PARA MOLDAR BARRA RETANGU,,UN
948,Milho tostado salgado,Materia Prima,KG
9990111006,Manteiga de Leite,Materia Prima,KG
1052,Milho tostado com mel mostarda,Materia Prima,KG
1035,sacola mercado,Material de Consumo,PC
9990712059,Cartão Fidelidade,Embalagem,PC
9990712066,Cinta Personalizada MASP Pequena,Embalagem,PC
9990712067,Cinta Personalizada MASP Grande,Embalagem,PC
0190213163,Folder dos Ovos de Páscoa 100g,Embalagem,PC
0190213138,Folder informação nutricional SSAL,Embalagem,PC
0190213122,Caixa Correio Papelão M,Embalagem,UN
0190213096,Caixa Correio Mágio 26x17x09,Embalagem,PC
0190213097,Caixa Esfirra N3,Embalagem,PC
0190213098,Caixa Esfirra N2,Embalagem,PC
0190213099,Caixa Esfirra N1,Embalagem,PC
9990117003,Cacau em Pó Alcalino,Materia Prima,KG
999011108,FERMENTO QUIMICO,Materia Prima,PC
9990111056,Castanha do Pará,Materia Prima,KG
9990712055,Etiqueta alto teor de açúcar 1.3x1.8,Embalagem,PC
9990712056,Etiqueta alto teor de açúcar e gordura,Embalagem,PC
9990712062,Etiqueta Ovo de Páscoa Maracujá,Embalagem,PC
9990712063,Etiqueta Ovo de Páscoa Praliné de Avelã,Embalagem,PC
9990712064,"ADESIVO SSAL- 3,5X5,5CM",Embalagem,PC
9990712020,Etiqueta branca  ES leite pistache 7x9.5,Embalagem,PC
9990712021,Etiqueta branca ES intenso praliné 7x9.5,Embalagem,PC
9990712022,Etiqueta bran ES leite praliné mara7x9.5,Embalagem,PC
9990712023,Etiqueta branc ES ao leite praliné 7x9.5,Embalagem,PC
9990712024,Etiqueta de dif ES ao leite praliné 6x5,Embalagem,PC
9990712025,Etiqueta dif PF Sakaguchi ao Leite 6x12,Embalagem,PC
9990712026,Etiqueta de dif PF Acará-Açu 6x12,Embalagem,PC
9990712027,Etiqueta de dif PF Bom Jardim 6x12,Embalagem,PC
9990712028,Etiqueta de dif PF Vale do Jari 6x12,Embalagem,PC
9990712029,Etiqueta de dif PF Sakaguchi 78 (6x12),Embalagem,PC
9990712030,Etiqueta de dif PF Sakaguchi Cupu 6x12,Embalagem,PC
9990712031,Etiqueta de dif PF Xiba 6x12,Embalagem,PC
9990712032,Etiqueta de dif PF Mocajuba 6x12,Embalagem,PC
9990712033,Etiqueta de dif PF Kunkuni Cupu 6x12,Embalagem,PC
9990712034,Etiqueta de dif PF AMABELA Cupu 6x12,Embalagem,PC
9990712035,Etiqueta Bra PF Sakaguchi ao Leite verso,Embalagem,PC
9990712036,Etiqueta Branca PF Acará-Açu 4.5x14.5,Embalagem,PC
9990712037,Etiqueta Branca PF Bom Jardim 4.5x14.5,Embalagem,PC
9990712038,Etiqueta Branca PF Vale do Jari 4.5x14.5,Embalagem,PC
9990712039,Etiqueta Branca PF Sakaguchi 78 (verso),Embalagem,PC
9990712040,Etiqueta Branca PF Sakaguchi Cupu,Embalagem,PC
9990712041,Etiqueta Branca PF Xiba 4.5x14.5,Embalagem,PC
9990712042,Etiqueta Branca PF Mocajuba 4.5x14.5,Embalagem,PC
9990712043,Etiqueta Branca PF Kunkuni Cupu 4.5x14.5,Embalagem,PC
9990712044,Etiqueta Branca PF AMABELA Cupu 4.5x14.5,Embalagem,PC
9990712069,Etiqueta xiba 63% frente,Materia Prima,PC
9990712070,Etiqueta Xiba 63% Verso,Materia Prima,PC
9990712071,"ADESIVO BOPP PEROLA - 7,5X12CM",Materia Prima,PC
9990712072," ADESIVO BOPP PEROLA - 12X15,2CM",Materia Prima,PC
945,Folder SSAL,Embalagem,PC
1105,"FOLDER SSAL 14,5 X 10,5",Embalagem,PC
0190213058,1 Folha Papel Barrado,Embalagem,PC
0990866049,Balança 150kg,Ativo Imobilizado,PC
0990866095,HandHeld Printer Set,Ativo Imobilizado,PC
05400008,Soda Lata 350ml,Mercadoria de Revenda,PC
05400003,Coca-Cola Tradicional Lata 350ml,Mercadoria de Revenda,UN
AF343,Moveis Sob Medida,Ativo Imobilizado,PC
9990915001,Luva de Nitrilo,Material de Consumo,PC
9990915002,Prato descartável,Material de Consumo,PC
9990712060,Bobina termoscript loja,Material de Consumo,PC
9990213001,Saco Plastico Bobina Picotada,Embalagem,PC
9990111072,Leite Copa,Materia Prima,LT
9990111078,Café Copa,Material de Consumo,KG
0990866104,Mouse,Ativo Imobilizado,PC
0990866105,Fone de Ouvido,Ativo Imobilizado,PC
0991015004,Touca Descartável,Material de Consumo,PC
0991015005,Prope Descartável,Material de Consumo,PC
0990915002,Saco Para Lixo 100 L,Material de Consumo,PC
0990915003,Kalyclean H 181,Material de Consumo,LT
0990915004,Desinfetante 5L Lavanda Kalipto,Material de Consumo,PC
0990915005,Pano Saco Alvejado 45x65,Material de Consumo,PC
1036,APAGADOR PARA QUADRO,Material de Consumo,PC
1038,PILHA,Material de Consumo,PC
1039,PINCEL BIC 4 CORES,Material de Consumo,PC
1008,Elástico Latex,Material de Consumo,PC
0990815008,Água Sanitária,Material de limpeza,LT
0990815009,Bloqueador de odores,Material de limpeza,PC
0990866044,Sache de Açúcar Refinado Loja,Mercadoria de Revenda,PC
0990866045,Sache adoçante Sucralose,Mercadoria de Revenda,PC
0990866046,Sache Açúcar Orgânico,Mercadoria de Revenda,PC
1090,Escova Sanitária,Material de limpeza,PC
998,Papel Sulfite A4,Material de Consumo,PC
983,Freeco,Material de limpeza,PC
984,Bom ar,Material de limpeza,PC
986,GEL VASO SANITÁRIO,Material de limpeza,PC
987,Lenço umidecido,Material de limpeza,PC
991,Absorvente,Material de Consumo,PC
992,Detergente,Material de limpeza,PC
993,Sabão em pedra,Material de limpeza,PC
09908150001,Sabão em Pó,Material de limpeza,KG
09908150002,Pano de Limpeza,Material de limpeza,PC
09908150003,Balde,Material de limpeza,PC
09908150004,Pano de chão,Material de limpeza,PC
09908150005,Pastilha Sanitária,Material de limpeza,PC
09908150006,Coador de café para copa,Material de Consumo,PC
09908150007,Estilete,Material de Consumo,PC
09908150008,Avental descartável,Material de Consumo,PC
03001003,Leite em pó desnatado molico 280gr,Materia Prima,KG
1028,Lousa preta cavalete,Material de Consumo,PC
0990866098,Stand de Madeira,Ativo Imobilizado,PC
0990866066,Carrinho Mágio Ativações,Ativo Imobilizado,PC
019021424,CARTÃO QR,Embalagem,UN
AF357,GAGGIA VETRO 2 GRUPOS 220V - SERIE 0424,Ativo Imobilizado,PC
AF358,MOINHO G5 GRINDER BRA 220V - SERIE 0454,Ativo Imobilizado,PC
9990111051,café em pó Amiste,Materia Prima,PC
9990111079,Creme de Leite UHT 35%,Materia Prima,LT
0140106806,Açúcar Mascavo,Materia Prima,KG
0990866055,Bancada Inox,Ativo Imobilizado,UND
10631,CAIXA ISOPOR,Embalagem,UNI
964,Papel manteiga,Embalagem,PC
875,Bobina plástico bolha,Embalagem,PC
7898170981817,POTE 1L,Material de Consumo,PC
99901110781,Espeto de bambu,Material de Consumo,PC
9990213002,Caixa de Papelão,Embalagem,PC
99901150031,Plástico filme,Material de Consumo,PC
0190213805,Cakeboard,Embalagem,PC
9990111082,GOMA ARABICA,Materia Prima,KG
999011181,Maltitol em pó,Materia Prima,KG
9990111067,Bicarbonato de Sódio,Materia Prima,KG
9990111053,MALTODEXTRINA DE10 1910,Materia Prima,KG
9990111054,Sorbato de Potássio Granulado,Materia Prima,KG
0080301006,Amêndoa de Cupuaçu Aprovada - Santa Bárb,Materia Prima,KG
0190213109,Bobina térmica,Embalagem,PC
0190213110,Bobina para envio,Embalagem,PC
1050,Semente Puxuri Manioca,Material de Consumo,KG
099101501,Tela De Nylon AB.150µ C/100 CM,Material de Consumo,MT
0190213119,Sacola de Papel Tamanho G,Embalagem,PC
019021312,SACOLA SEBASTIÃO SALGADO 27 X 33,Embalagem,PC
0190213120,Sacola Sebastião Salgado,Embalagem,PC
877,PINCA RETA SERRILHADA 20CM INOX,Material de Consumo,PC
1104,Molde para barra ES,Material de Consumo,PC
0990866067,Forma Tablet Retangular 4x6,Ativo Imobilizado,PC
09908150009,Mini cavalete,Material de Consumo,PC
0991015007,Jaleco manga longa masculino,Material de Consumo,PC
0991015003,Jaleco Feminino Manga Longa,Material de Consumo,PC
09908661001,Seladora á vacuo comercial,Ativo Imobilizado,PC
09908661002,Máquina de Costura,Ativo Imobilizado,PC
0990866102,Celular Corporativo,Ativo Imobilizado,PC
9990451005,Cadeira De Escritório Fábrica,Ativo Imobilizado,PC
9990451006,Mesa Kuadra Office c/ Gaveteiro,Ativo Imobilizado,PC
AF360,Notebook Lenovo IdeaPad Slim 3i Intel,Ativo Imobilizado,UN
01104002,Cascas de Cacau - Acará-Açu (PA),Produto em Processo,KG
0190213123,Plastico termoformavel formigueiros,Embalagem,PC
9990712058,Bobina Papel Etiqueta Niimbot nova,Embalagem,PC
9990451004,Mesa de Bistro,Ativo Imobilizado,PC
0190213076,Embalagem Flowpack choco ao leite,Embalagem,PC
0190213101,Flowpack ES Chocolate Lt Maracujá 29g,Embalagem,PC
0190213102,Flowpack ES Chocolate Lt Pistache 29g,Embalagem,PC
0190213090,Flowpack LO Leite,Embalagem,PC
0190213091,Flowpack LO Leite c/ Praliné,Embalagem,PC
0190213092,Flowpack LO Intenso,Embalagem,PC
0190213093,Flowpack LO Intenso c/ Praliné,Embalagem,PC
0190213094,Flowpack LO Cupulate,Embalagem,PC
9990111069,Óleo de Soja,Materia Prima,LT
0190213104,Folha papel barrado Mágio,Embalagem,UN
0990866042,CUMBUCA OVAL ORGÂNICO NEW WHITE,Ativo Imobilizado,PC
0990866043,TRAV OVAL RASA MINI ORGÂNICO,Ativo Imobilizado,PC
0260101001,Amêndoa de Cacau Seca Aprovada- Moju-Pa,Materia Prima,KG
290101001,Amêndoa de cacau seca aprovada Igarapé M,Materia Prima,KG
1103,Berço amores da amazonia 245x160x30mm,Embalagem,PC
958,Desenvolvimento,Embalagem,PC
0990866041,Forma Brunner 00001707,Ativo Imobilizado,PC
0990866097,Forma Barra Dubai,Ativo Imobilizado,PC
0990866030,Forma Brunner 00001709,Ativo Imobilizado,PC
0990866031,Forma Brunner 00001710,Ativo Imobilizado,PC
0990866032,Forma Brunner 00001711,Ativo Imobilizado,PC
0990866033,Forma Brunner 00001712,Ativo Imobilizado,PC
0990866034,Forma Brunner 00001713,Ativo Imobilizado,PC
0990866035,Forma Brunner 00001714,Ativo Imobilizado,PC
0990866036,Forma Brunner 00000632 desenvolvi 1,Ativo Imobilizado,PC
0990866037,Forma Brunner 00000632 desenvolvi 2,Ativo Imobilizado,PC
0990866038,Forma Brunner 00000632 desenvolvi 3,Ativo Imobilizado,PC
0990866039,Forma Brunner 00000632 desenvolvi 4,Ativo Imobilizado,PC
0990866040,Forma Brunner 00001708,Ativo Imobilizado,PC
0190213043,Berço Caixa Tripla 67 x 23 cm,Embalagem,PC
0190213044,Berço caixa dupla 58 x 23 cm,Embalagem,PC
1026,LANCHE NATURAL,Material de Consumo,PC
099081500091,Kit preços loja,Ativo Imobilizado,PC
0990915001,Kalyclean N 781,Material de Consumo,LT
0990915006,Kalyclena H 160,Material de Consumo,PC
0990915007,Allkaly LG,Material de Consumo,PC
09908150013,Saco de Juta de café 98x71cm 60kg,Embalagem,PC
486, SACO DE JUTA CAFE ECONTAINER 98X71CM 60,Material de Consumo,UN
9990111020,Avelã,Materia Prima,KG
0020301006,Amêndoa de Cacau Seca Aprovada - Mocajub,Materia Prima,KG
9990451008,cadeira apontador fabrica,Ativo Imobilizado,PC
1057,BANDEJA SERVIR BAMBU,Material de Consumo,PC
0190213108,Cesta palha com alça,Embalagem,UN
963,Esponja dupla face 3m-scotch brite,Material de limpeza,PC
965,Papel higiênico,Material de Consumo,PC
966,Papel toalha,Material de Consumo,PC
99904510091,Perflex branco,Material de limpeza,PC
99904510092,Perflex verde,Material de limpeza,PC
1016,ADPT SOLD,Material de Consumo,PC
1017,NIPEL ROSC PVC 1/2,Material de Consumo,PC
1018,Registro esfera metalico,Material de Consumo,PC
9990111060,Manteiga com sal,Materia Prima,KG
0190213114,Prato Base Cerâmica,Embalagem,PC
099081500081,Kit escrita cristal,Material de Consumo,PC
099081500082,Cartão datas comemorativas,Material de Consumo,PC
099081500084,Alfinete para mapa,Material de Consumo,PC
099081500085,Etiqueta escolar,Material de Consumo,PC
099081500086,Cartolina Branca,Material de Consumo,PC
1124,Mousepad,Material de Consumo,PC
1106,Cartão Datas Comemorativas Grande,Embalagem,PC
05004145,Chocotone bites 200g,Produto Acabado,UN
1065,Controle remoto led,Material de Consumo,PC
9990111058,Tapereba Liofilizado,Materia Prima,KG
9990111059,Cupuaçu Liofilizado,Materia Prima,KG
9990111065,Açaí Liofilizado,Materia Prima,KG
9990111062,Tucumã Liofilizado,Materia Prima,KG
9990111081,BURITI LIOFILIZADO,Materia Prima,KG
0990866054,Balança 5kg,Ativo Imobilizado,PC
0990866047,Forma Flow Martellato,Ativo Imobilizado,PC
0300102001,Amêndoa de cacau seca aprovada Ito,Materia Prima,KG
0990866048,Purificador,Ativo Imobilizado,PC
05004146,"Panettone com gotas de chocolate 600g
",Produto Acabado,UN
0200216012,Papel Celofane,Embalagem,PC
09908660401,Filtro Purificador Copa,Material de Consumo,PC
0990866053,Etiqueta Termo Grande,Ativo Imobilizado,PC
1095,BOLEIRA NATURAL,Material de Consumo,PC
1034,Licor Camu Camu,Materia Prima,LT
0990866074,Bowls de inox,Ativo Imobilizado,PC
9990111070,Polpa Frutas Vermelhas,Materia Prima,KG
9990111066,Polpa de Morango,Materia Prima,KG
0990866056,Estante modular 5 prateleiras,Ativo Imobilizado,PC
900,Modelagem personalizadda,Embalagem,PC
901,Imperssão personalizada,Embalagem,PC
0990866058,Cilindro Nitrogênio Comprimido,Ativo Imobilizado,UND
0990866059,Regulador de nitrogênio,Ativo Imobilizado,UND
0990866057,Moedor de Café Tramontina,Ativo Imobilizado,PC
0020321001,Barra 60g Terroir da Amazonia MOCA,Produto em Processo,PC
0990866061,Microondas loja,Ativo Imobilizado,PC
0990866062,Computador branco,Ativo Imobilizado,PC
0990866064,Tv Escritório,Ativo Imobilizado,PC
0990866065,Soprador Têrmico,Ativo Imobilizado,PC
0990866068,Toldo Loja,Ativo Imobilizado,PC
0190213127,Caixa SSAL TRIPLA,Embalagem,PC
0190213128,Caixa SSAL DUPLA,Embalagem,PC
0190213129,Caixa SSAL Redonda,Embalagem,PC
0990866069,modem Ibirapuera,Ativo Imobilizado,PC
0990866072,Prateleiras carrinhos produção,Ativo Imobilizado,PC
0990866075,Impressoara Elgin i9 Full Guilhotina,Ativo Imobilizado,PC
0990866073,Impressora Elgin notas,Ativo Imobilizado,PC
0200216013,Papel Chumbo Toffe,Embalagem,PC
0200216014,Papel Chumbo Prata,Embalagem,PC
0200216015,Papel Chumbo Azul Claro,Embalagem,PC
1088,Kit Cafeteira V60-02 Jarra Suporte,Material de Consumo,PC
0990866109,Prato de Bolo Home Style Vista 24 cm,Material de Consumo,PC
0990866093,Equip inno choco spray 2021 3.1,Ativo Imobilizado,PC
0990866094,EQUIP ESTUFA INNO,Ativo Imobilizado,PC
864,Pao frances,Outras,KG
0990866076,Porta Comanda,Ativo Imobilizado,PC
0990866077,Cooktop Itatiaia Master 4 Bocas,Ativo Imobilizado,PC
0990866078,Balança de precissão,Ativo Imobilizado,PC
0050111003,Semente de Cumaru,Materia Prima,KG
0190213137,Tampa Copo Sorvete,Embalagem,PC
0190213136,Copo Sorvete,Embalagem,PC
870,POTE PAPEL KRAFT MOLHO 70ML,Embalagem,PC
872,POTE PAPEL KRAFT MOLHOS 120 ML,Embalagem,PC
873,TAMPA PET 67MM - 40 X 50,Embalagem,PC
874,MALETA KRAFT COM TAMPA ACLOPADA 1100 ML,,PC
0990866092,Caixa Hermética 21L,Ativo Imobilizado,PC
0990866099,Janela de plastico,Ativo Imobilizado,PC
1000,Caixa box 2 pardo B,Embalagem,PC
1001,Caixa box 3 pardo B,Embalagem,PC
1002,Caixa box 4 pardo B,Embalagem,PC
0990866096,Impressora Multifuncional HP,Ativo Imobilizado,PC
0990866100,Impressora bluetooth para android,Ativo Imobilizado,PC
0990815002,Caixa Desmontável Verde,Material de Consumo,PC
0990815003,Caixa Desmontável Branca,Material de Consumo,PC
0990815004,Caixa Agrícola Preta,Material de Consumo,PC
1111,Caixa Agricola Preta,Material de Consumo,PC
9990451001,One Shot  OSD-3  Vonin,Ativo Imobilizado,PC
9990451002,Tunel de resfriamento 6metros Vonin,Ativo Imobilizado,PC
9990451003,Flow pack  Cassan,Ativo Imobilizado,PC
0990866101,MEDIDOR DE UMIDADE MUG,Ativo Imobilizado,PC
1076,Base Para Tamper Compactar Cafe,Material de Consumo,PC
923,QUEIJO MUSSARELA FATIADO,Outras,KG
99901110703,Gema de ovo pasteurizada,Materia Prima,KG
99901110704,Clara de ovo pasteurizada,Materia Prima,KG
9990111076,Margarina Copa,Material de Consumo,KG
01401068051,Açúcar copa,Material de Consumo,PC
0190213164,Caixa ES Ao Leite Praliné Avelã,Embalagem,PC
0190213165,Caixa ES Ao Leite com Praliné e Maracujá,Embalagem,PC
0190213166,Caixa ES Ao Leite Praliné de Pistache,Embalagem,PC
0190213167,Caixa ES Intenso Praliné Avelã,Embalagem,PC
0190213159,Caixa Ovo de Páscoa 420g 2026,Embalagem,PC
812,CRACHA PERSONALIZADO,Outros Insumos,PC
0990815001,Camiseta Manga Longa Branca EGG,Material de Consumo,PC
9990712065,Etiqueta Couche 70 mmx40mm Adesiva,Embalagem,PC
999011184,Maracujá Liofilizado,Materia Prima,KG
876,"bancada granito preto Sao Gabriel 2,0",Outras,PC
0990815005,Tábua para Análise de Amêndoas de Cacau,Material de Consumo,PC
840,Papel celofani laranja 69x89,Embalagem,PC
842,Camisa Sensoriale,EPIs,PC
0990866108,Corrente simples DIN 12B-1 em aço inox,Material de Consumo,PC
0991015002,Calça de Brim Branca,Material de Consumo,PC
0190213162,Fita Cetim Azul Sideral 15mm,Embalagem,PC
0990101001,Amêndoa de Cacau Terceiros,Materia Prima,KG
0990866103,Pipoqueira Elétrica Pop Red Lenoxx 127v,Ativo Imobilizado,PC
927,Molde de Silicone Alimenticio mod-01,Outros Insumos,PC
928,Molde de Silicone Alimenticio mod-02,Outros Insumos,PC
943,Matriz personalizada,,PC
944,Molde silicone Alimenticio,,PC
9990111064,Pão Francês,Materia Prima,KG
935,Exaustor,Outros Insumos,PC
866,Mesa inox sala de amêndoas,Outras,PC
896,Coifa de cozinha,Material de Consumo,PC
908,Colher Biodegradável,Embalagem,PC
909,organizador amobox 500 ml,Embalagem,PC
9990451009,Prateleira de inox - 120cm,Ativo Imobilizado,UND
05004014,MAGIO Língua de Onça Intso Praliné Cx80g,Produto Acabado,PC
05004007,MAGIO PF Sakaguchi 78% 60g,Produto Acabado,PC
02002160121,Papel Almofada 7 camadas black + impress,Embalagem,PC
02002160122,Papel Almofada 344 x234mm,Embalagem,PC
02002160123,Papel almofada 300x95mm,Embalagem,PC
01902131561,Candy Pad branco caixa 30,Embalagem,PC
01902131562,Candy Pad branco caixa 14,Embalagem,PC
0190213152,Candy Pad Caixa Simples SSAL,Embalagem,PC
0190213153,Candy Pad Caixa Dupla SSAL,Embalagem,PC
0190213154,Candy Pad Caixa 7 camadas black,Embalagem,PC
934,Extensão Cabo,Outros Insumos,PC
939,Termometro Analogico Forno,Outros Insumos,PC
940,Palito mexedor de café,Embalagem,PC
0540001,Pão de queijo 70 gr,Mercadoria de Revenda,UNI
0540002,Pão de queijo com requeijão 100gr,Mercadoria de Revenda,UNI
9990712068,"ADESIVO SSAL - 1,1X4,5CM",Embalagem,PC
974,EXTINTOR C/CARGA DE AGUA 10 LITROS,Ativo Imobilizado,PC
975,EXTINTOR C/CARGA DE PO QUIMICO 04 KG,Ativo Imobilizado,PC
976,EXTINTOR C/CARGA DE GAS CARBONICO 06 KG,Ativo Imobilizado,PC
988,Vitrine Fria Beta 62 cm Preta,Material de Consumo,PC
1004,Caixa térmica 75 litros,Embalagem,PC
1006,Capa para Quiosque,Material de Consumo,PC
1005,Pá para caldeirão 100cm,Material de Consumo,PC
99702004,ETIQUETA TERMICA 15 X 30 MM,Embalagem,PC
99702006,ETIQUETA TERMICA 50 X 40MM,Embalagem,PC
1009,SABONETEIRA,Material de Consumo,PC
1010,ETIQUETA DE IDENTIFICAÇÃO DE ALIMENTOS,Embalagem,PC
1011,LIXEIRA,Material de Consumo,PC
1012,BOWL PROFISSIONAL,Material de Consumo,PC
1013,CAIXA EMPILHÁVEL,Embalagem,PC
1042,Organizador Multiuso 5 divisões,Material de Consumo,PC
1020,CACHAÇA DE JAMBU,Materia Prima,PC
1025,BARQUINHA 13CM,Embalagem,PC
1069,Termometro Laser Digital,Material de Consumo,PC
1024,"BARQUINHA 8,5 CM",Embalagem,PC
99903110171,Jambu Desidratado,Materia Prima,KG
99903150281,POLPA BACURI,Material de Consumo,KG
99903150282,POLPA MURICI,Material de Consumo,KG
1048,óleo mineral,Material de Consumo,PC
1055,Valvula Duchao Blukit,Material de Consumo,PC
99901110604,Camu Camu liofilizado,Materia Prima,KG
1053,Expositor Apoio De Carteira Em Acrilico,Material de Consumo,PC
1054,Licor Jambu,Material de Consumo,LT
1056,Balanca Para Cafe Profissional,Material de Consumo,PC
1058,Extrato Natural de Baunilha,Materia Prima,LT
1061,Gelox 400g,Material de Consumo,PC
1062,Gelox 80g,Material de Consumo,PC
1063,Caixa com Berço 50 bombons,Embalagem,PC
1079,Caixa com berço 30 bombons,Embalagem,PC
1071,CAIXAS DE PAPELÃO KLABIN,Embalagem,PC
1072,Cúpula Acrílica 31 X 31 X 5 Cm,Material de Consumo,PC
1073,Caixa organizadora Plastica,Material de Consumo,PC
1070,Pasta Sanfonada A4,Material de Consumo,PC
1074,Lousa Cortica 40x30,Material de Consumo,PC
1077,Borrifador Pulverizador,Material de Consumo,PC
1080,escada 3 degraus,Material de Consumo,PC
1082, Kit 10 Displays De Parede A4,Material de Consumo,PC
1083,Livro defesa consumidor,Material de Consumo,PC
1084,Fita Dupla Face,Material de Consumo,PC
1085,Porta Talher Acrilico,Material de Consumo,PC
1086,Chaleira Bule,Material de Consumo,PC
1087,Pasta Catalogo Oficio com 100 envelopes,Material de Consumo,PC
1089,Leiteira Pitcher,Material de Consumo,PC
1091,Pincel Marcador Permanente,Material de Consumo,PC
1092,Alfinete colorido,Material de Consumo,PC
1093,Caixa Gaveta Batedora De Borra Cafe,Material de Consumo,PC
1094,POTE PAPEL KRAFT MOLHOS 80 ML,Embalagem,PC
1099,Melhorador para panetone,Materia Prima,KG
1100,Fermento Biológico Seco,Materia Prima,KG
1101,Farinha Le 5 Stagioni,Materia Prima,KG
1102,Bico de Recheio,Material de Consumo,PC
00801013,Mel,Materia Prima,KG
1107,Seringa Embutidora Fazer Linguica,Embalagem,PC
1108,Garfo,Material de Consumo,PC
1109,Espatula de aço Inox,Material de Consumo,PC
1110,Acrilico com 3 degraus,Material de Consumo,PC
1113,Propianato de cálcio,Materia Prima,KG
1118,Arame para fechar embalagem,Material de Consumo,PC
1119,Banana passa,Materia Prima,KG
1120,Expositor acrilico 6 degraus,Material de Consumo,PC
1121,Organizador de metal,Material de Consumo,PC
099081500083,amostra camisetas,Material de Consumo,PC
1125,Guardanapo Loja,Material de Consumo,PC
1137,Platico bolha colmeia,Material de Consumo,RL
99901110701,Gema de ovo em pó,Materia Prima,KG
99901110702,Creme Culinário,Materia Prima,KG
999011187,Cupuaçu Cristalizado,Materia Prima,KG
01902130501,Embalagem gourmet panetone,Embalagem,PC
99904510071,Melanger 4.5kg,Material de Consumo,PC
99904510072,Melanger 17kg,Material de Consumo,PC
99904510073,Cuba completa melanger 4.5kg,Material de Consumo,PC
99901110601,Fermento Biológico Fresco,Materia Prima,KG
99901110061,Manteiga 80%,Materia Prima,KG
099081501,Porta guardanapo com divisórias em madei,Material de Consumo,PC
09908660521,Forma de Panetone,Embalagem,PC
999080081,Tapete sanizante,Material de Consumo,PC
99901110621,Polpa Tucumã,Materia Prima,KG
99901110603,Laranja em tiras,Materia Prima,KG
99901110605,Plástico para Panetone Incolor,Embalagem,PC
999011185,Desmoldante Unta Forma,Materia Prima,LT
019021309,"Flowpack Ao Leite Sibionics - 3,3g",Embalagem,PC
0190213804,Caixa Bolo Alto 28x28x25,Embalagem,PC
09908661003,Escorredor de Louça,Material de Consumo,PC
0990815006,Porta chaves,Outras,PC
0990815007,Fita Fecho Adesivo 20mm X 5mts,Outras,MT
09908150011,Cabo Usb,Material de Consumo,PC
999011182,Café Liofilizado,Materia Prima,KG
999011186,Amido modificado,Materia Prima,KG
099081500013,Pote 250ml,Material de Consumo,PC
09908660031,Forma de silicone esfera 70mm,Material de Consumo,PC
099081500014,Pote 500ml,Material de Consumo,PC
09908150012,Saco Pouch Prata,Material de Consumo,PC
99901110421,Canela em pó,Materia Prima,KG
09908660011,Marcador de fatias,Ativo Imobilizado,PC
99901110422,Chocolate em pó,Materia Prima,KG
099081500011,Pote Kraft 1lt,Embalagem,PC
099081500012,Tampa pote kraft,Embalagem,PC
